ishuv,SEMEL_RECHOV,SHEM_RECHOV
26,101,שוב דוד
26,103,דרך הגליל
26,107,החלוצים
26,115,מעלה גיא אוני
26,118,הרחבה חקלאית
26,131,דרך החלמוניות
26,154,דרך בן אריה
28,105,שד בגין מנחם
28,106,השוטרים
28,119,ארקין אליעזר
28,122,ההדרים
28,124,שד אליהו
28,193,שד מוטה גור
29,108,המייסדים
31,107,שד הרצל
31,109,קבוץ גלויות
31,110,הנשיא
31,113,הרב עוזיאל
31,121,גולומב
31,130,שרת
31,152,השקד
31,160,דרך בית וגן
31,177,בן איש חי
31,178,אור החיים
31,183,חפץ חיים
31,201,"לח""י"
31,202,"ביל""ו"
31,203,מרבד הקסמים
31,211,דרך הטייסים
31,222,אפיקים בנגב
31,257,פרי מגדים
31,304,ירושלים
31,316,שמואל הרואה
31,337,קרית ספר
41,133,הצפורן
41,135,התמר
41,153,הגפן
46,112,המיסדים
47,101,שכ האלונים
47,105,שכ הגפנים
47,107,שכ המיסדים
53,122,דרך הים
53,124,הסלע
65,135,נוף הארבל
65,139,הרימון
70,101,אל הים
70,122,המסחר
70,126,שבי ציון
70,128,רוגוזין
70,145,המעפילים
70,146,יוספטל
70,147,קבוץ גלויות
70,157,"רמב""ם"
70,165,שד בני ברית
70,176,נורדאו
70,180,יצחק הנשיא
70,181,ז'בוטינסקי
70,186,שד יפה נוף
70,188,סילבר אבא הלל
70,189,שד הרצל
70,196,יהודה המכבי
70,200,אורט
70,201,בן יוסף שלמה
70,202,שפירא אברהם
70,205,בלפור
70,206,שד סנה משה
70,207,"הפלמ""ח"
70,208,טשרניחובסקי
70,212,מורדי הגטאות
70,213,הנשיא ויצמן
70,217,יהודה הלוי
70,220,"אדמו""ר מפיטסבורג"
70,228,גשר עד הלום
70,229,שד עוזיהו
70,230,סנש חנה
70,232,גור דב
70,240,אבן עזרא
70,247,בן אליעזר אריה
70,248,ארן זלמן
70,256,דיין משה
70,257,שפירא משה חיים
70,258,קרן היסוד
70,260,מילמן
70,268,האופים
70,270,המלאכה
70,271,המסגר
70,274,העבודה
70,278,ביאליק
70,287,המתכת
70,300,החרצית
70,302,שד ירושלים
70,303,הרותם
70,307,שד הפרחים
70,309,הכלנית
70,325,הטיילת
70,331,הגדוד העברי
70,335,שד אלטלנה
70,339,מפקורה
70,340,בן עמי עובד
70,366,ניסן
70,369,תמוז
70,370,אב
70,377,שבט לוי
70,379,שבט דן
70,382,שבט אשר
70,386,שבט בנימין
70,390,כוכב הצפון
70,391,כוכב השחר
70,392,כוכב הדרום
70,401,נחל לכיש
70,402,נחל שורק
70,406,כנרת
70,413,חרמון
70,480,דרך לסקוב
70,483,מבוא הספנים
70,488,הנפט
70,493,החניכים
70,498,היזמה
70,500,הבנאים
70,501,האורגים
70,503,ההדרים
70,506,הקדמה
70,507,הבושם
70,554,רבנו גרשום
70,580,דרך בגין מנחם
70,583,ראש פינה
70,586,"הרי""ם לוין"
70,597,שד בן גוריון
70,601,ארבע האמהות
70,622,רבין יצחק
70,679,שד רוטשילד
70,680,שד גורדון
70,682,אוסישקין מנחם
70,683,אחימאיר אבא
70,684,וולפסון דוד
70,697,גור מרדכי
70,701,שד המיסדים
70,702,"קק""ל"
70,704,הנביאים
70,710,לוי שלמה
70,718,הנביא ירמיהו
70,728,סופר אברהם
70,731,העליה
70,750,שמעון בן שטח
70,761,רבי טרפון
70,762,רבי יהודה הנשיא
70,771,רב חיסדא
70,801,המלך דוד
70,814,המלך יותם
70,817,המלך שאול
70,818,ברק בן אבינועם
70,851,החלוצים
70,852,העצמאות
70,854,התקומה
70,856,הציונות
70,6545,אזור מגורים סיטי
99,110,שד בן גוריון
122,158,הצפצפה
122,159,אקליפטוס
122,170,אזור תעשיה
154,115,הדקל
154,117,השקד
154,211,דרך הראשונים
154,224,הדוכיפת
157,108,הדרים
166,113,השומר
166,115,הנשיא
166,116,העצמאות
166,117,"ניל""י"
166,118,ההגנה
166,121,הרב קוק
166,122,הרב הרצוג
166,123,המגינים
166,126,הרצל
166,127,"אצ""ל"
166,128,השיטה
166,130,השופטים
166,131,בר יוחאי
166,133,דבורה הנביאה
166,154,בן גוריון
166,160,אתרוג
166,187,דרך קנדה
166,205,הדרים
166,360,יהודה
166,362,חשמונאים
168,112,שד מנחם בגין
168,118,דפנה
168,119,הירמוך
168,121,הירקון
168,124,ההדרים
168,133,היסמין
168,173,גבעתי
168,174,גולני
168,190,הלוטם
168,201,"אח""י אילת"
168,213,העליה
168,215,ההגנה
168,216,הרצל
168,218,ויצמן
171,124,שד הנשיא
182,108,הבנים
182,114,העצמאות
182,130,אסותא
182,134,השרון
182,137,ההדרים
182,149,השומרון
182,192,הנורית
182,195,רימון
182,215,דרך יצחק רבין
195,104,שבזי
195,106,"הפלמ""ח"
195,107,רוטשילד
195,111,הרצל
195,128,שד בן צבי
195,136,קורצ'ק
195,137,הורדים
195,140,ז'בוטינסקי
195,164,הסנונית
195,167,שד הדקל
195,224,הפעמון
195,3101,השקמה צורן
195,3107,הזית צורן
195,3113,ההדרים צורן
206,102,הלימון
206,103,המיסדים
206,125,דרך הסולטן
229,103,הנגב
229,125,בארי
229,135,הרמה
229,170,הגליל
230,109,זרובבל
235,103,דרך הבנים
240,154,האלונים
240,160,התמר
240,163,הגבורים
240,201,ארבל
240,210,שד יצחק רבין
240,258,שדרות היובל
240,6506,שכון א צפון
246,101,הרב אבוחצירא
246,105,הרב חורי חיים
246,112,ירושלים
246,115,שבטי ישראל
246,124,הגבורים
246,130,מסעוד אלפסי
246,151,הרב צבאן
246,153,הרימון
246,155,שד ויצמן
246,162,חפץ חיים
246,174,הבונים
246,176,בעלי מלאכה
246,181,"ד""ר סמלו יוסף"
246,194,יובל
246,242,דרכי רפאל
246,251,הזית
246,253,הגפן
246,269,חטיבת הראל
246,270,אחד עשר הנקודות
247,108,הכפר
267,101,החורש
267,102,המעפילים
284,102,דרך ההדרים
326,111,המגדל
382,109,מעלה האשלים
449,104,שניר
466,109,טרומפלדור
466,130,בגין מנחם
466,131,הבנים
469,115,לוחמי הגטאות
469,120,שד יצחק רבין
469,122,מאיר בעל הנס
469,125,שרת משה
469,126,אלי כהן
469,131,דרך ירושלים
469,135,הרצל
469,151,בעלי מלאכה
469,193,האירוס
469,194,החבצלת
469,215,חסן מלך מרוקו השנ
472,101,דרך השלום
472,102,הוואדי
481,6500,שכ מערבית
481,6501,שכ ג'משה
481,6710,שכונה מזרחית
481,6716,ראס אלחביה
482,101,נוג'ידאת
482,102,בועינה
494,141,סמ 2
494,3165,אבא חושי שד עספיא
494,6515,שכונת יד לבנים
494,6755,אזור כביש עוקף
494,6757,שכונת המוסלמים
499,300,רח 300
499,510,רח 510
534,165,שד אבא חושי
537,6710,שכונה צפונית
537,6730,שכונה מזרחית
565,101,הרצל
565,110,כצנלסון
565,111,אחד העם
565,112,קפלן
565,114,השלום
565,125,ההגנה
565,134,דרך השבעה
565,135,שרת משה
565,137,שד בן גוריון
565,139,ז'בוטינסקי
565,149,הרצוג
565,162,המצודה
565,163,השקמה
565,175,האיכרים
577,120,דרך האבות
577,143,ארבל
587,105,מבואות
587,118,הנוף
634,101,א-סולטאני
634,102,אל אנסאר
666,105,החורשה
666,113,אורן
666,115,רותם
666,116,אשל
666,122,תמר
666,126,צבר
666,149,תפוז
681,104,"הפלמ""ח"
681,106,בארי
681,111,גוש עציון
681,115,נימרובר
681,116,ביאליק
681,117,העבודה
681,119,סמ הרב קוק
681,120,קרפל ליפא
681,127,ז'בוטינסקי
681,131,טרומפלדור
681,133,הזיתים
681,139,אורנים
681,148,קרן היסוד
681,151,סמ רחל
681,152,אלונים
681,153,ארזים
681,154,רחבת אילן
681,162,בן גוריון
681,170,הנשיא
681,226,יוני נתניהו
694,7001,ביס שדה
696,6501,שכ לוי יצחק
753,104,מעלה הרימון
759,101,האלון
759,103,הזית
779,101,ארז
831,109,הרב עוזיאל
831,110,הרב קוק
831,138,בורנשטיין צבי
874,118,הנשיאים
874,120,דרך העמק
874,123,האלה
874,124,דרך העצמאות
874,125,קדש
874,142,הזית
874,167,שושנת העמקים
874,173,הסביון
874,195,אזור התעשיה צפון
874,196,שד המדע
874,200,התעשיה
874,202,התדהר
874,203,השיקמה
874,206,התקשורת
874,207,נחל הצבי
874,241,שד הבנים
874,6502,רמת יזרעאל
874,6506,רמת גבריאלי
922,125,הכלניות
922,126,הנרקיסים
922,131,הורדים
944,116,אל אמל
944,201,זובידאת
975,104,ג'ואמיס
1015,121,מעלה הקסטל
1015,122,"הפלמ""ח"
1015,126,החוצבים
1015,137,פרי מגדים
1015,142,יסמין
1015,154,הראל
1015,163,השלום
1015,166,הברוש
1015,169,חבצלת
1015,170,האורן
1015,178,נוף הרים
1015,271,גלבוע
1015,272,כרמל
1015,273,תבור
1015,275,חרמון
1015,6511,שכ יא
1020,101,הרצל
1020,102,ביאליק
1020,105,שד הנשיא וייצמן
1020,112,הנביאים
1020,124,קופלוביץ
1020,129,יאנסן עליזה
1020,131,ציוני מנחם
1020,135,אלעזר דוד
1020,150,האירוס
1020,154,שד המלך דוד
1020,161,התאנה
1020,175,השקד
1020,177,הרותם
1020,180,שד שידלובסקי
1020,182,הזית
1020,220,אבן גבירול
1020,221,שבזי
1020,6503,ש בן גוריון
1020,6511,בנה ביתך
1031,108,מבצע סיני
1031,121,משה רבנו
1031,122,יחזקאל
1031,158,הרצל
1031,182,נחשון
1031,190,ירושלים
1031,216,דרך העליה
1031,235,שד בגין מנחם
1031,258,בר-לב חיים
1031,275,המעפילים
1031,280,המכבים
1031,299,מקווה ישראל
1034,103,שד בן גוריון
1034,109,הנגב
1034,111,הכרמל
1034,129,בר יהודה
1034,135,אזור התעשיה
1034,145,"רש""י"
1049,109,שד האורנים
1049,110,האלה
1049,6501,כפר המסובים
1061,102,ארבל
1061,104,עצמון
1061,106,יודפת
1061,109,תבור
1061,110,גלבוע
1061,112,חרמון
1061,114,כרמל
1061,124,דרך קרית הממשלה
1061,135,הפסגות
1061,138,יסמין
1061,142,רימון
1061,144,חרוד
1061,145,דרך העמק
1061,146,החצב
1061,149,יזרעאל
1061,151,החיטה
1061,158,דרך הציונות
1061,159,מעלה יצחק
1061,164,השקמה
1061,166,שקד
1061,193,העבודה
1061,202,השושנים
1061,240,מעלה הראשונים
1061,258,יקינטון
1061,275,דרך הגליל
1061,278,גלעד
1061,293,הר מצדה
1061,314,רותם
1061,315,דליה
1061,6510,שכ הכרמים
1061,6517,אזור תעש ציפורית
1063,120,האלה
1063,141,"מ""ג המעפילים"
1063,148,עדעד
1063,160,אזור התעשיה
1063,203,חרושת
1063,227,מרווה
1137,108,אזנים לתורה
1139,105,"צה""ל"
1139,115,הדקל
1139,117,החרושת
1139,118,המלאכה
1139,133,ארבל
1139,136,העסקים
1139,140,מורד הגיא
1139,144,נתיב הלוטוס
1139,152,מעלה כמון
1139,155,המגל
1139,156,היוצרים
1139,158,האופן
1139,162,אלה
1139,171,רמים
1139,174,שד נשיאי ישראל
1139,180,נשר
1139,181,שחף
1139,188,שד השלום
1139,201,שגיא
1139,209,בירנית
1139,260,קטיף
1139,261,אסיף
1139,288,אשכולות
1139,291,שורק
1139,303,החשמל
1139,310,צור
1139,316,דרך התעשייה
1139,350,שער הגיא
1139,353,הפלמח
1139,356,חטיבת יפתח
1139,357,חטיבת הראל
1139,365,מבצע אסף
1161,107,שכ 26
1161,115,שכ 21
1161,125,שכ 30
1161,138,אזור תעשיה
1161,6704,שכונה 25
1167,186,שד רוטשילד
1167,202,אלון התבור
1167,205,השיטה
1167,6508,שכ 13
1167,6511,שכ 10
1167,7001,קיסריה העתיקה
1200,100,עמק דותן
1200,105,כליל החורש
1200,112,לבונה
1200,120,עמק יזרעאל
1200,124,נחל געתון
1200,134,נחל עיון
1200,137,דרך פרופ' פרג יאי
1200,139,ערער
1200,140,עמק החולה
1200,144,נחל צין
1200,153,נחל זוהר
1200,157,נחל נעמן
1200,159,נחל צלמון
1200,160,עמק איילון
1200,163,כחלית ההרים
1200,169,דפנה
1200,170,שושן צחור
1200,173,תלתן
1200,176,דם המכבים
1200,182,צאלון
1200,204,חוט השני
1200,303,שדרות החשמונאים
1200,305,שד יצחק רבין
1200,401,אליהו הנביא
1200,403,דבורה הנביאה
1200,404,הנביאים
1200,405,זכריה הנביא
1200,415,חטיבת הצנחנים
1200,424,ישעיהו הנביא
1200,441,עמק בית שאן
1200,442,עמק האלה
1200,443,עמק זבולון
1200,450,"רא""ל דוד אלעזר"
1200,451,"רא""ל חיים ברלב"
1200,453,"רא""ל יגאל ידין"
1200,454,"רא""ל יעקב דורי"
1200,456,"רא""ל מרדכי מקלף"
1200,603,לוי
1200,630,עמק הארזים
1200,659,סיון
1200,660,עמק חרוד
1200,700,אבני החושן
1200,701,יהלום
1200,703,אודם
1200,705,תרשיש
1200,708,לשם
1200,712,תכלת
1200,1500,השדרה המרכזית
1200,6505,אזור התעשיה
1224,101,שדרות הארץ
1224,201,דרך הפרחים
1263,152,תבור
1263,161,מירון
1264,106,אורן
1264,114,ארז
1268,101,דרך יתיר
1268,121,חלמיש
1268,210,פרג
1268,216,שדרות חברון
1268,251,גאון הירדן
1268,270,שדרות השלום
1271,124,רימון
1271,125,שד תאנה
1271,211,הודן
1303,102,שכ 1
1304,105,האודם
1304,130,תפן
1304,132,החבל
1304,145,הקשת
1304,161,הסלע
1304,162,גרניט
1304,195,שד עמק איילון
1309,105,רבי יהודה נשיא
1309,110,המאירי
1309,111,רבן יוחנן בן זכאי
1309,116,רבי עקיבא
1309,124,רבי טרפון
1309,201,רבי מאיר
1309,203,רבי יונתן בן עוזי
1309,204,רבי יוסי בן קיסמא
1309,206,"רשב""י"
1309,208,"רש""י"
1309,210,בעלי התוספות
1309,216,שמעון בן שטח
1309,217,עובדיה מברטנורה
1309,218,"הרי""ף"
1309,220,אבן גבירול
1319,117,דוכיפת
1319,129,שד עמק חפר
2034,104,דרך הבנים
2034,115,ההסתדרות
2034,121,אזור התעשיה
2100,112,"לח""י"
2100,113,"אצ""ל"
2100,115,ביאליק
2100,418,השחרור
2100,434,הרצל
2100,438,שרת משה
2100,439,ז'בוטינסקי
2200,107,שד גולדה מאיר
2200,146,הרצל
2200,163,המלאכה
2200,176,העצמאות
2200,177,המעפיל
2200,209,דרך ברלב
2200,217,העליה
2200,226,דוד אלעזר
2200,228,עופר אברהם
2200,229,רחבת הבנים
2200,234,דרך הצנחנים
2200,251,שדה יצחק
2200,255,ורדימון יצחק
2200,270,"רחבת רש""י"
2200,275,שד הנשיא
2200,284,אלחריזי
2200,312,הפועלים
2200,345,אלה
2200,347,מרווה
2300,101,השקדים
2300,116,החורש
2300,117,אלונים
2300,128,יהודה הנשיא
2300,142,סנש חנה
2300,172,סולד הנריאטה
2300,177,נחל קדומים
2300,190,רבין יצחק
2300,6003,ככר הבנים
2300,6501,קרית חרושת
2400,104,העצמאות
2400,107,יוסף חיים
2400,109,חטיבת אלכסנדרוני
2400,130,ירושלים
2400,152,צפריר
2400,202,יהדות קנדה
2400,205,ההגנה
2400,206,החלוצים
2400,208,שפרינצק
2400,209,אסירי ציון
2400,210,ההסתדרות
2400,212,שרת משה
2400,213,נתניהו יהונתן
2400,216,שד בן פורת מרדכי
2400,221,המלאכה
2400,223,החרושת
2400,230,שד בגין מנחם
2400,231,שד אלון יגאל
2400,239,דיין משה
2400,240,שד בן גוריון
2400,243,בר לב חיים
2400,249,דקל
2400,254,צאלון
2400,256,אשל
2400,259,ליבנה
2400,302,התעשיה
2400,304,"הלח""י"
2400,308,קזז יחזקאל
2400,316,רמז דוד
2400,321,עזרא הסופר
2400,327,הרב פלח כמוס
2400,337,המפעל
2400,338,היוצרים
2400,6507,שכ כפר ענה א
2400,6511,נווה סביון
2500,121,המרכז
2500,123,פרץ אברהם
2500,124,המגינים
2500,135,דבורה
2500,137,יעל
2500,138,משה
2500,143,ההסתדרות
2500,149,מעלה הגבורים
2500,159,המתמיד
2500,173,דרך בר יהודה
2500,181,דרך הטכניון
2500,185,דרך השלום
2500,188,"צה""ל"
2500,191,ציון
2500,192,קרן היסוד
2500,198,חבצלת
2500,199,הלוטם
2500,202,הזית
2500,207,נתיב התאנה
2500,213,החרוב
2500,215,הנוריות
2500,216,השיטה
2500,217,הרדוף
2500,226,התפוז
2500,235,סמ התמר
2500,253,התעשיה
2500,257,השיש
2530,102,הרב עוזיאל
2530,107,מאיר בעל הנס
2530,112,ז'בוטינסקי
2530,132,בן יוסף שלמה
2530,134,שא נס
2530,143,איילה
2530,166,קרן היסוד
2530,6513,שכ תלמי מנשה
2550,108,פינס
2550,110,לוי
2550,111,ראובן
2550,113,ויצמן
2550,117,אפרים
2550,123,רמז דוד
2550,127,הרצל
2550,129,פיינברג
2550,134,הבילוים
2550,149,הרב גמליאל יוסף
2550,150,שפירא
2550,201,שד בן גוריון
2550,253,צאלה
2550,255,שיטה
2550,256,אלמוגן
2550,260,הרצוג חיים
2550,295,הרי אדום
2560,101,מואב
2560,106,אחוה
2560,122,הקנאים
2560,140,הגיא
2560,202,בן יאיר אלעזר
2560,206,ירושלים
2560,248,תעשיה
2560,253,שמיר
2560,417,אגמית
2560,418,סלעית
2560,6519,שכ הרדוף
2600,105,אילות
2600,106,רודד
2600,109,חטיבת הנגב
2600,110,אגמונים
2600,115,דרך הערבה
2600,121,שד התמרים
2600,123,חטיבת גולני
2600,125,המלחה
2600,127,גן-בנימין
2600,139,לוס אנג'לס
2600,147,דרך יותם
2600,168,שד ארגמן
2600,176,קידר
2600,177,שד ששת הימים
2600,178,שחמון
2600,245,"הפלמ""ח"
2600,249,קאמפן
2600,251,שחף
2600,252,אנפה
2600,255,דרך מצריים
2600,266,הנשר
2600,269,נביעות
2600,308,הברדלס
2600,328,התבונה
2600,332,המלאכה
2600,339,הסוור
2600,355,דרבן
2600,460,דקר
2600,495,כריש
2600,512,חיל ההנדסה
2600,537,מלון הרודס
2600,543,הים
2600,545,שביל פעמי השלום
2600,559,נווה מדבר
2600,572,דרך הרים
2600,575,החשמונאים
2600,576,עין נטפים
2600,579,הכנענים
2600,588,הנבטים
2600,608,משעול האגס
2600,627,עין יהב
2600,635,דרך הגיא
2600,647,עין עקב
2610,101,הרצל
2610,105,העליה
2610,115,הגפן
2610,123,ביאליק
2610,144,השבעה
2610,152,החרש
2610,153,מורדי הגיטאות
2610,162,שד הדקל
2610,174,הארזים
2610,200,שד בן גוריון
2610,205,"רש""י"
2610,212,חזון איש
2610,216,הרב הרצוג
2610,226,בית ישראל
2610,239,לוין אריה
2610,241,לסקוב חיים
2610,248,הגליל
2610,251,הגולן
2610,252,בן זאב יהודה
2610,258,רזיאל דוד
2610,400,נחל דולב
2610,404,נחל קטלב
2610,410,נהר הירדן
2610,412,נחל איילון
2610,418,נחל נועם
2610,419,נחל הקישון
2610,434,נחל חבר
2610,463,רבי יהודה הנשיא
2610,470,"ריב""ל"
2610,492,שד נחל צאלים
2620,101,טרומן
2620,103,הרצל
2620,114,קפלן
2620,120,הנשיא
2620,131,רמז
2620,133,לוס אנג'לס
2620,138,יהודה הלוי
2620,144,ירמיהו
2620,148,ירושלים
2620,151,ההדר
2620,158,אבן עזרא
2620,166,יהודה המכבי
2620,168,שלמה המלך
2620,173,דרך בר אילן
2620,199,יחזקאל
2620,208,אחאב
2620,210,אשכול לוי
2620,214,החבצלת
2620,216,המעגל
2620,220,התמר
2620,225,"צה""ל"
2620,231,השקמה
2620,245,הזמיר
2620,249,שד בן גוריון
2620,255,תנועת המרי
2620,283,שד קציר אהרון
2620,301,דרך דורי יעקב
2620,304,המייסדים
2620,310,הפרדס
2630,102,יהודה
2630,112,שד לכיש
2630,115,משעול הסייפן
2630,125,שד העצמאות
2630,130,הרמון
2630,141,הדקל
2630,147,דרך הדרום
2630,149,הגפן
2630,160,הכרמל
2630,168,שד פולק ישראל
2630,174,שבטי ישראל
2630,178,המלאכה
2630,205,שומרון
2630,276,אהוד בן גרא
2630,280,שד השופטים
2630,283,יפתח הגלעדי
2630,285,שד מלכי ישראל
2630,391,היוצר
2630,398,חשון
2630,410,מבוא ים
2630,411,אבץ
2630,530,מפרץ ים סוף
2630,6001,ככר שאול המלך
2640,111,בן נון יהושע
2640,114,"צה""ל"
2640,115,נתן שאול
2640,119,הנביאים
2640,122,הסנהדרין
2640,123,"רש""י"
2640,125,יהודה הלוי
2640,142,שבזי
2640,145,ספיר יעקב
2640,151,"מהרי""ץ"
2640,156,ארץ ישראל השלמה
2640,164,שלמה המלך
2640,166,שיר השירים
2640,170,מלכי ישראל
2640,173,המרץ
2640,174,היצירה
2640,175,העבודה
2640,179,וולפסון
2640,180,חותמי המגילה
2640,198,המעפיל
2640,203,עמוסי מנחם
2640,205,המתמיד
2640,212,התעשייה
2640,215,זכריה משה
2640,250,דרך הציונות
2640,271,בזלת
2640,309,אילנות
2640,410,ז'בוטינסקי זאב
2640,415,דיין משה
2640,416,נחל רבה
2640,417,קבוץ גלויות
2640,420,דרך בגין מנחם
2640,504,תורי זהב
2640,508,מגדל דוד
2640,526,פולג
2640,536,אביטל
2640,561,הא באייר
2640,6516,גבעת הסלעים
2650,102,שבי ציון
2650,111,הנביאים
2650,115,לכיש
2650,132,שבטי ישראל
2650,136,המלכים
2650,143,יצחק שדה
2650,153,הזית
2650,154,הגפן
2650,155,טרומפלדור
2650,168,יגיע כפים
2650,206,שד ויצמן
2650,209,סוקולוב
2650,212,הבנים
2650,213,למרחב
2650,221,אוסישקין
2650,224,הרב אורבוך
2650,236,"אז""ר"
2650,237,ההגנה
2650,238,סנה משה
2650,248,"הפלמ""ח"
2650,262,לוחמי הגטאות
2650,287,גולומב
2650,347,ז'בוטינסקי
2650,349,חרושת
2650,377,השומר
2650,418,הפרחים
2650,419,הבאר
2650,423,הגנים
2650,427,בן גוריון
2650,437,שרף
2650,482,סמ למרחב
2650,505,שד יריב אהרון
2660,101,גבורי ישראל
2660,110,קדושי קהיר
2660,113,העמל
2660,114,גיבורי החיל
2660,125,המיסב
2660,127,האורגים
2660,139,חטיבת גבעתי
2660,152,הר סיני
2660,158,שד דואני
2660,160,הגלבוע
2660,162,הנשיאים
2660,172,העצמאות
2660,173,השושנים
2660,174,שבזי
2660,176,הלילך
2660,179,הראשונים
2660,183,הצבעוני
2660,184,הדרור
2660,195,שידלובסקי
2660,200,שד הסנהדרין
2660,209,הערבה
2660,211,האלון
2660,219,ז'בוטינסקי
2660,229,חרוב
2660,240,אביבית
2660,254,חרצית
2660,281,חידקל
2660,361,נחל חריף
2660,366,שד גן רווה
2710,6541,שכ עין איברהים
2710,6565,שכ אלמידאן
2720,131,דרך אל-בסה
2720,135,א-סלאם
2730,6761,"כרם אלג""באלי המז"
2730,6770,אלסמכה
2800,111,אדם יקותיאל
2800,201,ארלוזורוב
2800,203,טשרניחובסקי
2800,208,הרצל
2800,216,שדה יצחק
2800,225,ברזילי ישראל
2800,227,סלינגר דוד
2800,302,עין זהב
2800,303,שפרינצק
2800,308,"רש""י"
2800,309,ביאליק
2800,312,הירדן
2800,330,אזור תעשיה דרום
2800,350,הוורדים
2800,352,חרצית
2800,353,בגין מנחם
2800,362,אירוס
2800,405,סולד
2800,410,שד תל חי
3000,101,יחזקאל
3000,103,פישל אהרן
3000,116,שמואל הנביא
3000,117,קארו יוסף
3000,121,רבנו גרשום
3000,122,מוסיוף שלמה
3000,123,יואל
3000,124,אדניהו הכהן
3000,125,רחובות הבוכרים
3000,160,רפפורט
3000,162,מאה שערים
3000,202,אבינדב
3000,203,"האדמורי""ם ליינער"
3000,205,נחלת צבי
3000,209,שומרי אמונים
3000,213,יקים
3000,235,שמעון הצדיק
3000,236,ארץ חפץ
3000,237,פתוחי חותם
3000,238,עץ הדר
3000,239,זקס משה
3000,248,חטיבת הראל
3000,249,בר כוכבא
3000,301,בר אילן
3000,304,מלאכי
3000,305,מלכי ישראל
3000,307,חגי
3000,316,בראשי זלמן
3000,320,ברנדיס
3000,321,תחכמוני
3000,322,יוסף בן מתתיהו
3000,328,"רש""י"
3000,335,יוסף הנשיא
3000,336,הטורים
3000,343,פרי חדש
3000,345,פינס
3000,348,הנביאים
3000,349,ישעיהו
3000,350,שטראוס
3000,355,שולאל יצחק
3000,376,ילין דוד
3000,389,אבן האזל
3000,390,עזרת תורה
3000,395,יעקבזון
3000,398,שפע חיים
3000,401,דבורה הנביאה
3000,405,מונבז
3000,410,שושן
3000,414,ינאי
3000,421,הרב קוק
3000,426,בן יהודה
3000,429,המלך ג'ורג'
3000,431,עליאש
3000,432,הלל
3000,436,שמאי
3000,442,סלומון יואל משה
3000,448,המעלות
3000,449,מבוא המתמיד
3000,450,שלומציון
3000,452,הגדם
3000,453,שחם מאיר
3000,460,חשין
3000,463,אבידע
3000,479,סטוינובסקי רבקה
3000,501,שבטי ישראל
3000,512,עדו הנביא
3000,513,שלמה המלך
3000,514,קריב יצחק
3000,525,הצנחנים
3000,612,יפו
3000,613,אגריפס
3000,621,הדקל
3000,622,בית יעקב
3000,628,הערמונים
3000,638,בכר נסים
3000,641,נהר פרת
3000,643,בצלאל
3000,691,הנציב
3000,714,אוסישקין
3000,720,כהנוב
3000,729,בר זכאי ישעיה
3000,733,שד בן צבי יצחק
3000,801,הקרן הקיימת
3000,806,אבן עזרא
3000,807,שד בן מימון
3000,808,עזה
3000,809,"רמב""ן"
3000,813,ארלוזורוב
3000,851,מבוא האתרוג
3000,891,בקי
3000,893,וייץ יוסף
3000,894,מרכז שטנר
3000,895,בית הדפוס
3000,898,עם ועולמו
3000,899,שערי ירושלים
3000,904,עמרם גאון
3000,907,שמגר
3000,908,תובל
3000,916,הצבי
3000,921,תורה מציון
3000,925,פתח תקוה
3000,929,אזולאי עקיבא
3000,930,נג'ארה
3000,932,הראובני דוד
3000,935,ימין אבות
3000,937,ירמיהו
3000,941,שד בן גוריון
3000,942,רוממה
3000,944,"המ""ג"
3000,952,סורוצקין
3000,959,נורדאו
3000,964,זכרון יעקב
3000,968,לורך נתנאל
3000,970,"שד שז""ר"
3000,983,הרב שאולזון
3000,995,כנפי נשרים
3000,996,בעל השאילתות
3000,998,שד הזז חיים
3000,1004,קרית משה
3000,1006,גת
3000,1013,הברון הירש
3000,1015,וילנאי זאב
3000,1017,החלוץ
3000,1020,שד המאירי
3000,1021,שד הרצל
3000,1022,הלוי אליעזר
3000,1023,פרבשטיין
3000,1024,הרב צבי יהודה
3000,1040,איש שלום מרדכי
3000,1048,הארזים
3000,1050,פרחי חן
3000,1051,יפה נוף
3000,1056,הפסגה
3000,1059,הרב עוזיאל
3000,1064,הרב פרנק
3000,1070,הרב טייב חי
3000,1077,שד ויצמן
3000,1085,קול משה
3000,1092,דגל ראובן
3000,1093,אביזוהר
3000,1094,יער ירושלים
3000,1096,שחראי
3000,1101,דרך רופין
3000,1105,דרך בגין
3000,1106,דרך רבין
3000,1108,קפלן
3000,1114,רוטשילד
3000,1121,בייט שמואל
3000,1123,מינצברג
3000,1127,שניאור
3000,1128,דרך וולפסון דוד
3000,1130,ייבין יהושע
3000,1132,בזק בצלאל
3000,1134,שדרת המוזיאונים
3000,1137,אבי יונה מיכאל
3000,1138,עזריאל
3000,1143,אז תעשיה גב שאול
3000,1155,הרב קצנלבוגן רפאל
3000,1158,"האדמו""ר מרוז'ין"
3000,1159,אגסי שמעון
3000,1160,הקבלן
3000,1162,המלמד
3000,1168,אלוף יוחאי בן נון
3000,1180,אהרונוב
3000,1181,בנק ישראל
3000,1196,חכמי יוסף
3000,1205,בורוכוב
3000,1207,הנטקה
3000,1214,לוין שמריהו
3000,1215,סולד הנריטה
3000,1218,דרך כרמית
3000,1224,טהון
3000,1249,האביבית
3000,1250,מכסיקו
3000,1252,דרך קוליץ
3000,1256,החלמית
3000,1258,הרקפת
3000,1266,דהומיי
3000,1267,הכלנית
3000,1270,הרפוב הדומיניקנית
3000,1274,גרוסמן
3000,1277,פסח חברוני
3000,1279,החרצית
3000,1281,חכם אברהם
3000,1285,איסלנד
3000,1286,ניקרגואה
3000,1291,דולצ'ין
3000,1293,טור סיני
3000,1297,שטרן אברהם
3000,1299,אולשוונגר
3000,1303,דב הוז
3000,1307,גולומב
3000,1308,פת יעקב
3000,1309,קנאי הגליל
3000,1312,טוביה
3000,1314,יוסי בן יועזר
3000,1316,אנטיגנוס
3000,1318,אליעזר הגדול
3000,1320,בן גמלא יהושע
3000,1321,יוחנן בן זכאי
3000,1323,אלעזר המודעי
3000,1324,ריש לקיש
3000,1331,דוסתאי
3000,1337,יהודה הנשיא
3000,1338,ניקנור
3000,1346,דרך מודעי יצחק
3000,1349,סן מרטין
3000,1350,קדושי סטרומה
3000,1352,האייל
3000,1361,בר יוחאי
3000,1362,דרך בנבנישתי דוד
3000,1366,מעגלי יבנה
3000,1368,שד שרת משה
3000,1379,ההדסים
3000,1401,עין כרם
3000,1402,"שח""ל"
3000,1405,טשרניחובסקי
3000,1409,דרך שולוב אהרון
3000,1422,הרב הרצוג
3000,1435,שד דב יוסף
3000,1451,"אגודת ספורט בית""ר"
3000,1452,אגודת ספורט הפועל
3000,1453,איילון דוד
3000,1458,השועל
3000,1500,מרטין לותר קינג
3000,1501,פינסקר
3000,1503,מרכוס
3000,1508,קרן היסוד
3000,1509,שלום עליכם
3000,1514,ז'בוטינסקי
3000,1522,אגרון
3000,1524,הס משה
3000,1526,ושינגטון
3000,1527,מאפו
3000,1528,דוד המלך
3000,1530,אמיל בוטה
3000,1601,חזקיהו המלך
3000,1619,בוסתנאי
3000,1620,כובשי קטמון
3000,1621,רחל אמנו
3000,1623,כט' בנובמבר
3000,1626,שופן
3000,1629,דובנוב
3000,1634,עוזיה
3000,1636,עמק רפאים
3000,1638,יונתן
3000,1641,חנניה
3000,1649,רות
3000,1654,סמאטס
3000,1655,לויד גורג
3000,1656,מסריק
3000,1657,גרץ צבי
3000,1714,דרך חברון
3000,1718,המלאך בלבן
3000,1722,גיחון
3000,1726,נעמי
3000,1731,אלבק חנוך
3000,1735,אפרתה
3000,1736,עין גדי
3000,1737,"בית""ר"
3000,1740,לייב יפה
3000,1743,רבדים
3000,1744,וינר אשר
3000,1747,קלוזנר יוסף
3000,1753,דרך בית לחם
3000,1757,יהודה
3000,1760,מרים החשמונאית
3000,1767,הרכבת
3000,1781,יששכר
3000,1783,דן
3000,1784,בן יפונה
3000,1785,גד
3000,1786,רבקה
3000,1787,גנרל קניג פייר
3000,1790,אסתר המלכה
3000,1793,המוסכים
3000,1827,חלץ
3000,1832,המפקד
3000,1833,חטיבת ירושלים
3000,1836,הסדנא
3000,1838,מעשה חושב
3000,1839,האומן
3000,1842,יד חרוצים
3000,1847,התנופה
3000,1853,ליפשיץ נחום
3000,1860,הפרסה
3000,1864,דרך משה ברעם
3000,1875,ישראל אלדד
3000,1886,שד מאיר שמואל
3000,1887,הרב ניסים יצחק
3000,1891,ליכטנשטיין
3000,1896,ורשבסקי אריה
3000,2004,קוסטה ריקה
3000,2007,חביב חיים
3000,2011,בלומנפלד
3000,2013,המחתרות
3000,2052,שד גבעת משה
3000,3001,שד נוה יעקב
3000,3002,אבא אחימאיר
3000,3014,הרב זווין
3000,3016,הרב וינוגרד
3000,3017,אליאך יוסף
3000,3026,"מעגלי הרי""ם לוין"
3000,4019,עקבת שאדד
3000,4056,דוד
3000,4100,צלאח אל דין
3000,4101,שעפט
3000,4102,מחנה פליטים שעפט
3000,4106,בית חנינה החדשה
3000,4110,חיל הנדסה
3000,4113,דרך בר-לב
3000,4121,עיסוויה
3000,4128,דרך רמאללה
3000,4129,ואדי אל ג'וז
3000,4135,דרך חזמה
3000,4138,א טור
3000,4144,הר הזיתים
3000,4146,דרך יריחו
3000,4147,ואדי קאדום
3000,4150,א שייאח
3000,4159,שער שכם
3000,4162,דרך שכם
3000,4165,אבן ח'לדון
3000,4172,שדה תעופה עטרות
3000,4175,עומר אבן אל עץ
3000,4177,דרך הר הזיתים
3000,4178,אפרסמון
3000,4180,ורדינון
3000,4181,לבונה
3000,4182,הנגבי שבתאי
3000,4196,אבו טאלב
3000,4199,אבן גוביר
3000,4201,בית צפפה
3000,4220,צור בחר
3000,4223,ג'בל מוכבר
3000,4245,דיר אבו טור
3000,4251,סילוואן
3000,4254,ראס אל עמוד
3000,4255,אל גול
3000,4271,אל מקדסי
3000,4275,סולטן סולימאן
3000,4276,שד לוי אשכול
3000,4279,ים סוף
3000,4281,בן עדיה שמואל
3000,4283,ששת הימים
3000,4285,איחוד הכפר
3000,4286,פייר ואן פאסן
3000,4287,שרגאי זלמן
3000,4291,יקות אל חמוי
3000,4312,מבוא המאבק
3000,4313,לוחמי הגטאות
3000,4316,ההגנה
3000,4317,נטר
3000,4325,עולי הגרדום
3000,4329,בן יוסף שלמה
3000,4331,אלקחי מרדכי
3000,4335,רזיאל דוד
3000,4336,ברזני משה
3000,4338,ויס יעקב
3000,4339,דרך העופל
3000,4340,שד צ'רצ'יל
3000,4342,מעגלות הרב פרדס
3000,4343,גולאק אשר
3000,4345,גולדברג לאה
3000,4348,מבוא פלג אדמונד
3000,4359,בובר מרטין
3000,4374,"על""ר"
3000,4375,מעלות עיר דוד
3000,4386,מדרסה אל ג'דידה
3000,4393,שד האוניברסיטה
3000,4397,קיס נעמי
3000,4399,אל וולאג'ה
3000,4400,ואדי עבדאללה
3000,4416,כביש מס' 60
3000,4430,הרואה
3000,4431,שיבת ציון
3000,4452,שד גולדה מאיר
3000,4454,אסירי ציון
3000,4459,יגאל
3000,4464,הקונגרס הציוני
3000,4465,"המשורר אצ""ג"
3000,4467,קדימה
3000,4482,מירסקי יצחק
3000,4484,מינץ
3000,4487,הרב רובין
3000,4528,היהודים
3000,4539,הגננת
3000,4543,יפה רום
3000,4544,מרגלית
3000,4545,התאנה
3000,4546,השליו
3000,4550,הרוסמרין
3000,4555,תרשיש
3000,4565,צביה ויצחק
3000,4572,הצבר
3000,4596,זרחי ישראל
3000,4599,לשם
3000,4601,קלרמון גנו
3000,4613,אל מסעודי
3000,4615,א זהרה
3000,4627,אל מאמון
3000,4628,שומאן עבד אל חמיד
3000,4630,טאהה חוסיין
3000,4633,ענאתה החדשה
3000,4639,אל אצמאעי
3000,4648,אלעזר דוד
3000,4649,היזמה
3000,4652,איתן
3000,4653,מפעלות
3000,4654,מעש
3000,4752,שד סיירת דוכיפת
3000,4753,שד דיין משה
3000,4754,השישה עשר
3000,4755,גדוד מכמש
3000,4756,חיל האויר
3000,4760,משטרת הישובים
3000,4762,האלוף עוזי נרקיס
3000,4765,הסיירת הירושלמית
3000,4773,ידין יגאל
3000,4786,האלוף יקותיאל אדם
3000,4787,ניב דוד
3000,4789,לבנון צבי
3000,4791,נתיב המזלות
3000,4797,רחמילביץ משה
3000,4798,טוניק יצחק
3000,4800,גבירצמן משה
3000,4801,דרך ענתות
3000,4805,גרשון מאיר
3000,4808,יוספטל גיורא
3000,4809,תורן חיים
3000,4812,ארזי ראובן
3000,4818,גל
3000,4825,מרידור אליהו
3000,4850,הסיגלית
3000,4860,הולצברג שמחה
3000,4950,דרוק שלמה זלמן
3000,4953,חזון איש
3000,4955,הרב ז'ולטי בצלאל
3000,4958,"האדמו""ר מלובביץ"
3000,4964,קהילות יעקב
3000,5011,רקנטי אברהם
3000,5404,העסקן
3000,5405,ינובסקי דניאל
3000,5410,אנוסי משהד
3000,5450,כמון
3000,5452,הצפורן
3000,5454,מרוה
3000,5502,קרית מדע
3000,5503,הרטום
3000,5578,אבו אלקסם אשאבי
3000,5584,רבעה אל עדוויה
3000,6624,גבעת שאול
3000,6656,רמת שרת
3000,6699,גבעת משואה
3000,6770,רמות רחל
3000,6785,ש עממי חברון
3000,6805,פסגת זאב
3000,6820,גבעת שפירא
3000,6821,הר הצופים
3000,6824,הר הצופים אידלסון
3000,6861,חומת שמואל
3000,7001,דרך מעלה אדמים
3557,142,הנבל
3570,102,דרך הציונות
3570,108,"צה""ל"
3570,113,בקעת הירדן
3570,116,יפתח
3570,118,ששת הימים
3570,120,שד ירושלים
3570,121,דרך אפרתה
3570,122,מבצע קדש
3570,124,מפרץ אילת
3570,134,שער הגיא
3570,150,דרך רמת הגולן
3570,202,דרך הנחשונים
3570,203,הפסגה
3570,208,האלון
3570,303,דרך עפרון
3575,104,המייסדים
3579,110,דרך שמונה עליות
3611,101,רמת ממרא
3616,118,הגתית
3616,130,דרך מדבר יהודה
3616,132,דרך הגיא
3616,141,דרך קדם
3616,160,צמח השדה
3616,161,דרך הר הבית
3616,191,העירית
3616,226,הקירטון
3616,237,נופי הסלע
3616,246,האלמוג
3616,251,חלוקי נחל
3638,6501,נופי פרת
3640,105,האלון
3650,118,התאנה
3650,128,נצח ירושלים
3650,135,שד המלך דוד
3654,101,דרך ברקן
3654,104,חלמיש
3720,108,יהלום
3720,113,אפוד
3730,101,המכבים
3730,104,זית
3730,303,אתרוג
3730,304,ערבה
3730,306,לולב
3730,312,רקפת
3730,415,הרימון
3750,105,שגיא
3750,107,תבור
3750,157,צופית
3750,159,דרור
3763,101,יסמין
3769,125,הגיא
3770,105,הארבל
3778,102,החרוב
3778,105,הארז
3780,102,רבי עקיבא
3780,107,בעל התניא
3780,115,ישראל מרוז'ין
3780,150,הבבא סאלי
3780,204,המגיד ממעזריטש
3780,205,"המהרי""ץ"
3780,206,"חב""ד"
3780,213,קדושת לוי
3780,226,דרכי איש
3780,227,החוזה מלובלין
3797,106,חפץ חיים
3797,223,רבי עקיבא
3797,226,שדרות יחזקאל
3797,230,דרך קרית ספר
4000,110,שד דגניה
4000,111,אברבנאל
4000,116,ארן זלמן
4000,127,הארזים
4000,128,לוי יוסף
4000,129,שד ורבורג
4000,132,אנה פרנק
4000,160,הגדוד העברי
4000,162,שרת משה
4000,163,הראשונים
4000,164,זייד אלכסנדר
4000,168,דנינו אברהם
4000,169,הקבוצים
4000,170,שד קרן קימת
4000,183,השיירה
4000,185,בן צבי יצחק
4000,190,דרך צייזל ירוחם
4000,191,דרך בר יהודה
4000,194,יוליוס סימון
4000,195,שד ההסתדרות
4000,197,בעלי מלאכה
4000,199,שנקר אריה
4000,200,הסנונית
4000,203,החרש
4000,205,המסגר
4000,207,השיש
4000,210,חלוצי התעשיה
4000,212,החרושת
4000,213,טובים
4000,215,"אח""י אילת"
4000,223,הבונים החפשיים
4000,224,דרך העמקים
4000,226,מושלי יעקב
4000,228,"שד מח""ל"
4000,230,הקיטור
4000,232,התקומה
4000,234,משמר העמק
4000,239,בית אלפא
4000,242,האצטדיון
4000,245,טרומן
4000,259,וילבוש נחום
4000,261,העמלים
4000,262,צייטלין אהרון
4000,263,יחיעם
4000,264,ים התיכון
4000,265,ברודסקי זאב
4000,268,הנפח
4000,269,קצנשטיין אריה
4000,270,ברקת
4000,274,האשלג
4000,277,המוסכים
4000,280,ניוטון אייזיק
4000,281,בל גרהם אלכסנדר
4000,288,דרך דיין משה
4000,294,החרמש
4000,300,בונה אליעזר
4000,301,קבוץ גלויות
4000,303,הגבורים
4000,304,השומר
4000,305,הירמוך
4000,306,אבן גבירול
4000,308,הקישון
4000,309,חטיבת גולני
4000,311,"ביל""ו"
4000,314,"שד הפלי""ם"
4000,315,יודפת
4000,323,הקטר
4000,337,שיבת ציון
4000,348,דרך העצמאות
4000,354,דרך יפו
4000,355,הבנקים
4000,360,שד המגינים
4000,362,מאיר
4000,367,דרך ידין יגאל
4000,370,כיאט
4000,377,איתין יהודה
4000,384,גדוד 22
4000,386,כורי
4000,389,צהיון
4000,394,פרץ
4000,399,שד בן גוריון
4000,402,לבונטין
4000,403,שבתאי לוי
4000,409,הפרסים
4000,413,הגפן
4000,415,הגנים
4000,416,"רד""ק"
4000,417,לוחמי הגטאות
4000,418,בילהרץ
4000,421,שדה יצחק
4000,423,סמ הרכבת
4000,425,המשטרה
4000,433,מסילת הברזל
4000,436,עלית הנוער
4000,442,נתיבי המפרץ
4000,444,נתנזון
4000,445,רינה
4000,446,ברון הירש
4000,459,צביה ויצחק
4000,460,קדושי יאסי
4000,464,חת נחום
4000,473,רח 2644
4000,483,גולדה מאיר
4000,501,אל אדריסי
4000,502,אחוה
4000,505,שד רוטשילד
4000,506,תל אביב
4000,509,"צה""ל"
4000,510,דרור
4000,512,דרך אלנבי
4000,522,אבנר
4000,526,העליה השניה
4000,535,לוץ
4000,537,חיל הים
4000,553,העוגן
4000,554,דרך צרפת
4000,555,הבסטיליה
4000,557,רודן
4000,559,דוד המלך
4000,564,סחרוב אנדרה
4000,566,שונית
4000,567,רציף פנחס
4000,576,מגורשי ספרד
4000,590,שלומציון
4000,592,"אצ""ל"
4000,601,חורב
4000,602,שד אבא חושי
4000,604,אידר
4000,605,גבעת דאונס
4000,606,יערות
4000,608,אינשטיין
4000,613,גת
4000,614,פרויד
4000,616,תל מאנה
4000,619,מיכל
4000,621,"פיק""א"
4000,622,דישראלי
4000,625,שד מוריה
4000,627,קרית ספר
4000,628,יותם
4000,632,"פלמ""ח"
4000,634,שמשון
4000,635,שד הנשיא
4000,641,שער הלבנון
4000,642,הספורט
4000,643,ביכורים
4000,648,ארגמן
4000,649,לוטוס
4000,650,קלר
4000,651,פינסקי דוד
4000,660,מורג
4000,662,דרך רופין
4000,668,מעברות
4000,671,מרגלית
4000,675,גלגל
4000,679,אלכסנדר ינאי
4000,684,קדימה
4000,685,הורדים
4000,688,הצופים
4000,690,דרך הים
4000,704,הנרקיסים
4000,718,התשבי
4000,721,חורשה
4000,726,טשרניחובסקי
4000,731,כרמיה
4000,732,דרייפוס
4000,738,זאב
4000,741,בית לחם
4000,743,היובל
4000,748,יציאת אירופה
4000,768,דניה
4000,772,הראל
4000,773,שבדיה
4000,778,אדמונד פלג
4000,784,אנטוורפן
4000,795,בירם
4000,801,דרך סטלה מריס
4000,803,אל מותנבי
4000,810,הלל
4000,811,שד הציונות
4000,812,הצלבנים
4000,813,יפה נוף
4000,816,שד גולומב אליהו
4000,823,ארלוזורוב
4000,825,בלפור
4000,834,מסדה
4000,836,טבריה
4000,845,הנביאים
4000,847,שמריהו לוין
4000,850,הרצליה
4000,853,יונה
4000,856,הרצל
4000,858,ברואלד
4000,859,החלוץ
4000,863,אבן סינא
4000,864,ביאליק
4000,865,חסן שוקרי
4000,874,שפירא
4000,879,עקרון
4000,880,יחיאל
4000,881,סוקולוב
4000,882,לונץ
4000,885,נורדאו
4000,895,חיים
4000,896,ירושלים
4000,900,שנים בנובמבר
4000,905,הפועל
4000,907,פייר קניג
4000,912,שד וינגיט
4000,915,שד קיש
4000,917,האסיף
4000,918,רבי עקיבא
4000,919,גאולה
4000,922,המימוני
4000,930,מיכאל
4000,944,"יל""ג"
4000,954,שוהם
4000,955,יוסף
4000,958,בלום לאון
4000,961,וייז סטפן
4000,974,פלימן משה
4000,975,וינשל
4000,980,בן צור שמואל
4000,981,כהן ברוך
4000,988,הרב אנקואה רפאל
4000,1004,גוש עציון
4000,1012,דרך יד לבנים
4000,1015,החשמל
4000,1022,חניתה
4000,1025,התיכון
4000,1026,ציון
4000,1031,שד טרומפלדור
4000,1033,גלבוע
4000,1035,דרך חנקין
4000,1036,גורדון
4000,1038,"שד הל""ה"
4000,1041,אינטרנשיונל
4000,1044,קומוי נתן
4000,1045,אדם הכהן
4000,1046,"מל""ל"
4000,1047,קלישר
4000,1048,שלום עליכם
4000,1057,שד רות הכהן
4000,1059,שניאור זלמן
4000,1068,שינדלר אוסקר
4000,1073,מימון
4000,1074,סילבר אבא הלל
4000,1080,ערד
4000,1084,גולן שמחה
4000,1085,שער פלמר
4000,1090,ניסנבוים
4000,1091,פרופ' רטנר יוחנן
4000,1097,פרץ מרקיש
4000,1099,דורי יעקב
4000,1116,לוחמי חרות ישראל
4000,1128,ראש מיה
4000,1155,אוניברסיטת חיפה
4000,1161,שד ההגנה
4000,1168,הצוללת דקר
4000,1192,רוטנברג פנחס ואבר
4000,1204,נתיב האור
4000,1206,הדסה
4000,1219,אגוז
4000,1251,הבישוף חג'אר
4000,1391,יגאל אלון
4000,1401,לוין גוטל
4000,1450,ולנברג ראול
4000,1470,תבואות הארץ
4000,1502,"החיד""א"
4000,6002,ככר דוד
4000,6517,חוצות המפרץ
4000,8001,נמל חיפה
4100,114,אנפה
4100,115,דליות
4100,139,שיאון
5000,101,רדינג
5000,111,ברודצקי
5000,116,לבנון חיים
5000,118,כפר יונה
5000,126,אינשטיין
5000,133,אפקים
5000,145,קלוזנר
5000,159,רח 2224
5000,161,"ש""י"
5000,168,קרית שאול
5000,169,רודנסקי שמואל
5000,171,קלצ'קין
5000,174,טאגור רבינדרנארט
5000,176,פסטרנק אריה
5000,180,שד רוקח
5000,181,יהודה הנשיא
5000,182,לויטן יצחק
5000,183,מניה וישראל
5000,185,פרופס אהרון צבי
5000,190,אופנהיימר
5000,191,גייגר
5000,194,ברזיל
5000,195,אפטר יעקב
5000,196,בורלא יהודה
5000,197,אשכול לוי
5000,198,"עגנון ש""י"
5000,207,מנורה
5000,215,רפידים
5000,218,אופיר
5000,225,בני אפרים
5000,226,וייז ג'ורג'
5000,227,קהילת יאסי
5000,228,יד המעביר
5000,236,הדר יוסף
5000,248,קדושי השואה
5000,249,מבצע קדש
5000,251,קהילת ונציה
5000,263,קדש ברנע
5000,265,קרן קיימת לישראל
5000,266,אש שלום
5000,269,אלתרמן נתן
5000,270,המאירי אביגדור
5000,271,האוזנר דב
5000,272,שיטרית
5000,275,רקנאטי
5000,281,אחימאיר אבא
5000,282,בן יוסף שלמה
5000,283,בית צורי אליהו
5000,287,קשאני אליעזר
5000,295,שלונסקי
5000,298,צ'מרינסקי ברוך
5000,301,"צה""ל"
5000,303,המצביאים
5000,313,אבנר
5000,322,בנימין מטודלה
5000,323,משמר הירדן
5000,326,אשכנזי
5000,328,פתחיה מרגנשבורג
5000,347,טבנקין יצחק
5000,360,הברזל
5000,361,ולנברג ראול
5000,364,הארד
5000,365,הנחושת
5000,367,דבורה הנביאה
5000,381,אלמגור
5000,386,שוהם מתתיהו
5000,387,ויסבורג חיים
5000,392,פומרוק יוסף
5000,400,סנה משה
5000,401,"כ""ג יורדי הסירה"
5000,402,התערוכה
5000,403,ירמיהו
5000,404,דיזנגוף
5000,407,שער ציון
5000,409,נמל תל אביב
5000,410,נחשון
5000,413,מיכה
5000,416,מלאכי
5000,425,שד נורדאו
5000,426,יהושע בן נון
5000,429,סוקולוב
5000,431,ישעיהו
5000,435,אוסישקין
5000,436,ארבע ארצות
5000,439,עובדיה מברטנורה
5000,441,"השל""ה"
5000,450,בזל
5000,456,ז'בוטינסקי
5000,461,הירקון
5000,508,הלפרין
5000,509,זלטופולסקי
5000,510,בן יהודה
5000,514,בחור אליהו
5000,525,הפרדס
5000,534,ליברמן
5000,537,שד בן גוריון
5000,538,לסל
5000,603,אמיל זולה
5000,604,ז'ורס ז'אן
5000,607,נתן החכם
5000,610,רופין
5000,616,מאפו
5000,618,בוגרשוב
5000,620,סירקין
5000,621,סמולנסקין
5000,622,פרוג
5000,624,חובבי ציון
5000,625,בן עמי
5000,627,פינסקר
5000,636,פרי אליעזר
5000,702,שפינוזה
5000,705,ריינס
5000,708,"ש""ץ"
5000,710,שלמה המלך
5000,711,גורדון י ל
5000,714,פרישמן
5000,722,שד מסריק
5000,723,"שדרות ח""ן"
5000,725,נצח ישראל
5000,727,השופטים
5000,729,הנביאים
5000,730,מלכי ישראל
5000,735,המליץ
5000,738,המלך ג'ורג'
5000,742,זמנהוף
5000,743,אסתר המלכה
5000,748,שמריהו לוין
5000,749,"שד' תרס""ט"
5000,751,שד בן ציון
5000,753,מרמורק
5000,754,"ביל""ו"
5000,756,הוברמן
5000,803,שלומציון המלכה
5000,804,בני דן
5000,805,מתתיהו כהן גדול
5000,807,יונתן הופסי
5000,809,לואי מרשל
5000,810,דה האז
5000,811,מרים החשמונאית
5000,814,יהודה המכבי
5000,817,שטריקר
5000,819,ברנדיס
5000,820,הרב צירלסון
5000,821,ועידת קטוביץ
5000,829,ויצמן
5000,835,בבלי
5000,839,הזוהר
5000,844,סנהדרין
5000,849,שטינמן
5000,906,שרת משה
5000,909,שד הציונות
5000,913,קרמניצקי
5000,914,פנקס
5000,916,הא באייר
5000,924,בן סרוק
5000,928,רמז דוד
5000,932,הלסינקי
5000,934,ארלוזורוב
5000,938,זכרון יעקב
5000,945,ליפסקי לואי
5000,1005,הרב גורן שלמה
5000,1006,על פרשת דרכים
5000,1008,בארי
5000,1011,דרך נמיר מרדכי
5000,1017,שילה
5000,1020,בצלאל
5000,1021,סוטין
5000,1023,פישמן מימון
5000,1026,בלוך דוד
5000,1027,רב אלוף יעקב דורי
5000,1033,צייטלין
5000,1034,דובנוב
5000,1035,שד דוד המלך
5000,1036,בריינין ראובן
5000,1037,שד שאול המלך
5000,1040,אבן גבירול
5000,1042,דה וינצ'י לאונרדו
5000,1043,זיו רבקה
5000,1045,ברקוביץ
5000,1047,ספיר פנחס
5000,1101,יהודה הלוי
5000,1103,שד רוטשילד
5000,1104,אחד העם
5000,1107,החשמונאים
5000,1109,בר אילן
5000,1110,שיינקין
5000,1112,מרכז בעלי מלאכה
5000,1114,העבודה
5000,1115,חיות פרץ
5000,1122,בורוכוב
5000,1125,שבע השקמים
5000,1128,טרומפלדור
5000,1132,בר כוכבא
5000,1133,המכבי
5000,1135,אלנבי
5000,1136,אלו מציאות
5000,1138,אידלסון אברהם
5000,1140,טשרניחובסקי
5000,1143,רציף הרברט סמואל
5000,1146,הירדן
5000,1150,מורד הטיילת
5000,1201,יונה הנביא
5000,1202,הכובשים
5000,1203,גאולה
5000,1204,הרב קוק
5000,1208,זרובבל
5000,1211,דניאל
5000,1217,נחליאל
5000,1224,הכרמל
5000,1228,אלשיך
5000,1229,רבן גמליאל
5000,1232,נג'ארה ישראל
5000,1235,נחלת בנימין
5000,1236,"רמב""ם"
5000,1238,התבור
5000,1239,"רבינוביץ שפ""ר"
5000,1241,קלישר
5000,1242,"יעב""ץ"
5000,1244,מוהליבר
5000,1245,גרוזנברג
5000,1246,ברנר
5000,1249,מלצ'ט
5000,1250,יבנה
5000,1252,יוסף הנשיא
5000,1253,יוחנן הסנדלר
5000,1255,מונטיפיורי
5000,1258,בית השואבה
5000,1264,בלפור
5000,1265,"מזא""ה"
5000,1266,נחמני
5000,1267,יפה בצלאל
5000,1269,הרכבת
5000,1274,החשמל
5000,1275,ברזילי
5000,1276,לבונטין
5000,1277,מקוה ישראל
5000,1301,דרך יפו
5000,1304,רוקח שמעון
5000,1309,לילינבלום
5000,1319,אלחנן יצחק
5000,1321,לפין
5000,1327,שבזי
5000,1331,פינס
5000,1334,עין יעקב
5000,1335,אחווה
5000,1336,שלוש
5000,1342,המרד
5000,1352,אילת
5000,1355,סמ שלוש
5000,1400,אלעזר )רוקח(
5000,1417,ברגרנר אליזבת
5000,1437,קוסובסקי
5000,1438,הרב הרצוג
5000,1439,קויפמן יחזקאל
5000,1440,לוי יוסף
5000,1441,שנקר אריה
5000,1442,גולדמן נחום
5000,1500,רח 1188
5000,1501,גולדברג
5000,1503,סעדיה גאון
5000,1505,וילסון
5000,1506,לינקולן
5000,1507,כורש
5000,1509,קרית ספר
5000,1510,עמרם גאון
5000,1511,קרליבך
5000,1512,חכמי דוד
5000,1514,"ריב""ל"
5000,1515,שונצינו
5000,1520,בית אלפא
5000,1521,בית עובד
5000,1522,בן אביגדור
5000,1524,המלאכה
5000,1525,המקצוע
5000,1526,הצפירה
5000,1529,יגיע כפיים
5000,1530,יד חרוצים
5000,1531,טברסקי
5000,1537,שפרינצק
5000,1538,לסקוב חיים
5000,1540,קפלן
5000,1541,הארבעה
5000,1542,הפטמן
5000,1545,שד יהודית
5000,1546,"הנצי""ב"
5000,1549,ילין מור נתן
5000,1552,"ב""ק ישראל"
5000,1554,המסגר
5000,1555,דרך בגין
5000,1557,הרכב
5000,1561,צקלג
5000,1562,נחל איילון
5000,1565,רב אלוף דוד אלעזר
5000,1571,גבעת התחמושת
5000,1601,אליפלט
5000,1602,מעון
5000,1611,שלבים
5000,1616,רוחמה
5000,1617,נחמה
5000,1620,שד ירושלים
5000,1631,רבנו חננאל
5000,1632,אבולעפיה
5000,1633,"הש""ך"
5000,1637,שארית ישראל
5000,1638,התקומה
5000,1639,התחיה
5000,1647,אלעזר בן עזריה
5000,1650,בן גמליאל
5000,1655,רזיאל
5000,1656,הדואר
5000,1657,בן שטח שמעון
5000,1670,אלעזר בן יוסי
5000,1674,שניצלר
5000,1677,הפלך
5000,1680,היסוד
5000,1689,רח 3359
5000,1696,"סמטת הש""ך"
5000,1697,מרזוק ועזר
5000,1712,פסטר
5000,1713,אבן סינא
5000,1718,אבן רשד
5000,1719,הצרי
5000,1727,חייבי משה
5000,1753,הדולפין
5000,1756,שערי ניקנור
5000,1758,נמל יפו
5000,1761,הספינה
5000,1798,נבטים
5000,1814,עולש
5000,1830,אסף הרופא
5000,1835,קורצ'אק יאנוש
5000,1838,האתרוג
5000,1861,פחד יצחק
5000,1898,יפו העתיקה
5000,1910,הולצברג שמחה
5000,1935,"שד חב""ד"
5000,1939,"שד הבעש""ט"
5000,1944,נחמן מברסלב
5000,1947,בת עין
5000,1953,"ציהתל""י"
5000,1955,שמואל ירחינאי
5000,1960,פנץ נתן
5000,1964,ארליך
5000,1972,דאנטה
5000,1979,עולי ציון
5000,1980,נועם
5000,1983,שבטי ישראל
5000,1986,יהודה הימית
5000,1988,דרור
5000,1993,יהודה מרגוזה
5000,1994,יפת
5000,2004,רחבת אבוטבול יעקב
5000,2022,סהרון
5000,2025,הרב הלר חיים
5000,2138,מדרש תנחומא
5000,2140,קוץ' אדוארד
5000,2141,רח 3241
5000,2144,איסקוב נסים
5000,2146,גר צדק
5000,2147,וכטנגוב
5000,2148,חסידי האומות
5000,2149,עזה
5000,2150,מיצקביץ אדם
5000,2155,נס לגויים
5000,2156,עדולם
5000,2157,היינה
5000,2158,חבר הלאומים
5000,2160,למרטין
5000,2165,רבנו ירוחם
5000,2173,תל גבורים
5000,2190,ארבר מנחם
5000,2199,קהילת קנדה
5000,2203,השוק
5000,2205,מרחביה
5000,2208,רענן
5000,2209,מזרחי
5000,2210,הקישון
5000,2211,כפר גלעדי
5000,2212,גבולות
5000,2213,אברבנאל
5000,2215,הרצל
5000,2216,העליה
5000,2218,פלורנטין
5000,2221,מסילת וולפסון
5000,2223,ויטל חיים
5000,2226,בן עטר
5000,2227,צ'לנוב
5000,2228,פרץ י ל
5000,2231,מסילת העולים
5000,2232,מולדת
5000,2233,הרב פרנקל
5000,2237,ארלנג'ר
5000,2239,סלומון
5000,2240,הנגב
5000,2243,השומרון
5000,2244,ראש פינה
5000,2245,החרש
5000,2246,מירון
5000,2249,איגר עקיבא
5000,2250,יסוד המעלה
5000,2253,הגדוד העברי
5000,2255,וולפסון
5000,2260,סג'רה
5000,2263,שוקן
5000,2306,ישראל מסלנט
5000,2307,לבנדה
5000,2309,קבוץ גלויות
5000,2312,השילוח
5000,2316,ענתבי
5000,2324,שיבת ציון
5000,2326,הקונגרס
5000,2327,מטלון
5000,2328,לוינסקי
5000,2333,חובות הלבבות
5000,2343,בעל העקידה
5000,2354,"ראב""ד"
5000,2358,לסקר
5000,2360,מסילת ישרים
5000,2361,רבי מאיר בעל הנס
5000,2363,שד חכמי ישראל
5000,2371,שד הר ציון
5000,2373,בר יוחאי
5000,2375,העמל
5000,2376,המנור
5000,2378,דרך שלמה
5000,2379,ראשית חכמה
5000,2381,אליקום
5000,2383,חזקיהו המלך
5000,2391,עמיקם
5000,2392,אסירי ציון
5000,2397,"גבעת כ""ח"
5000,2408,הקשת
5000,2412,דרך בן צבי
5000,2426,גורי ישראל
5000,2430,קפלנסקי
5000,2439,ורשבסקי
5000,2448,"אז""ר"
5000,2465,חיל השריון
5000,2466,גרינבוים
5000,2469,גיתית
5000,2501,עלית הנוער
5000,2503,ערבי נחל
5000,2504,זימן
5000,2506,עמק ברכה
5000,2509,נחלת יצחק
5000,2510,פרי מגדים
5000,2517,שביל החלב
5000,2523,תוצרת הארץ
5000,2524,אלון יגאל
5000,2525,הסוללים
5000,2526,ינון
5000,2527,תובל
5000,2535,דרך דיין משה
5000,2545,דרך הגבורה
5000,2548,בצרון
5000,2549,שד ההשכלה
5000,2561,עמינדב
5000,2562,יצחק שדה
5000,2566,וולמן יהודה
5000,2567,בוקסנבאום יוסף
5000,2572,מוזס יהודה ונח
5000,2601,דרך הטייסים
5000,2604,דרך השלום
5000,2605,אשרמן יוסף
5000,2606,החבצלת
5000,2608,עודד
5000,2612,יפתח
5000,2627,עיינות
5000,2632,גבעתי
5000,2634,אלוף
5000,2639,וינגייט
5000,2642,שד יד לבנים
5000,2643,לוחמי גליפולי
5000,2644,"הפלמ""ח"
5000,2646,הגבור האלמוני
5000,2648,לה גארדיה
5000,2649,מרגולין
5000,2650,אנילביץ מרדכי
5000,2652,מורדי הגטאות
5000,2655,רייק חביבה
5000,2656,שד המעפילים
5000,2658,דרך ההגנה
5000,2664,אני מאמין
5000,2665,"שד החי""ל"
5000,2671,נירים
5000,2674,השלושה
5000,2686,הורודצקי
5000,2707,עבאס אברהם
5000,2724,ותיק
5000,2731,"אצ""ל"
5000,2742,עברי
5000,2743,אביאסף
5000,2745,בועז
5000,2747,נדב
5000,2750,זבד
5000,2753,קרייתי
5000,2764,אחימעץ
5000,2766,דרך בר-לב חיים
5000,2778,התקוה
5000,2780,נתן
5000,2788,חנוך
5000,2791,ליש
5000,2797,הרותם
5000,2798,גואל
5000,2815,שתולים
5000,2821,חירותנו
5000,2834,אורים
5000,2837,יורה
5000,2850,מצובה
5000,2852,הרטוב
5000,2860,"לח""י"
5000,2958,"מח""ל"
5000,2959,שד ששת הימים
5000,2960,מעפילי אגוז
5000,2963,תקוע
5000,2964,בושם
5000,2968,בירנית
5000,2970,גולינקין מרדכי
5000,2973,הרב אלנקווה
5000,3001,חלמית
5000,3004,מחרוזת
5000,3005,נרדור
5000,3006,סומקן
5000,3007,"שז""ר זלמן"
5000,3010,שקד
5000,3019,רוזן פנחס
5000,3021,רמבה אייזיק
5000,3101,יוניצ'מן
5000,3103,אורי צבי גרינברג
5000,3105,גלילי ישראל
5000,3107,רובינא חנה
5000,3120,סאמט שמעון
5000,3280,לבון פנחס
5000,4118,רח 1246
5000,4139,רח 2007
5000,4141,קהילת זגלביה
5000,4519,רח 2240
5000,4525,תבין אלי
5000,4528,רח 2170
5000,4544,רח 3831
5000,4557,רח 2291
5000,4561,אלי כהן
5000,4600,סשא ארגוב
5000,4612,רח 4214
5000,4701,רח 2287
5000,4728,רח 2288
5000,4774,בקר אהרון
5000,4775,מילוא יוסף
5000,4777,פאגלין עמיחי
5000,6742,שכ אבו כביר
6000,6500,באקה אל-גרביה
6000,6761,אל מוארס
6000,6764,אלקביליה
6100,101,בר כוכבא
6100,103,הירש ברוך
6100,105,מצדה
6100,109,"לח""י"
6100,114,ששת הימים
6100,201,אברבנאל
6100,203,הירקון
6100,207,החלוצים
6100,210,הנגב
6100,217,אוסישקין
6100,224,הרצל
6100,226,ההגנה
6100,228,הרב שך
6100,231,אביעד
6100,233,נורוק
6100,237,הרי גולן
6100,239,נויפלד
6100,240,גניחובסקי
6100,243,וינרב
6100,244,צבי
6100,301,מבצע קדש
6100,303,מכלוף דוד
6100,304,אבו חצירא ישראל
6100,305,גרונר
6100,309,המכבים
6100,312,בן יוסף שלמה
6100,313,החשמונאים
6100,401,בן גוריון דוד
6100,405,טבריה
6100,406,חברון
6100,408,הרב קוק
6100,411,מירון
6100,414,ירושלים
6100,415,דוד המלך
6100,425,יגאל
6100,428,"הגר""א"
6100,431,רבי יוסי
6100,433,יחזקאל
6100,435,ישעיהו
6100,441,משפחת מקובר
6100,445,הרצוג
6100,502,רבי עקיבא
6100,503,ז'בוטינסקי
6100,507,אבן גבירול
6100,509,"חת""ם סופר"
6100,513,הלוחמים
6100,515,אחיעזר
6100,518,סוקולוב
6100,519,הרב קוטלר
6100,522,אבטליון
6100,527,שבטי ישראל
6100,528,"רמב""ם"
6100,533,הרב שר
6100,539,דקר
6100,604,"סמטת אז""ר"
6100,610,חשב סופר
6100,616,הירדן
6100,622,חבקוק
6100,626,יצחק נפחא
6100,701,צירלסון
6100,702,לוי יצחק
6100,706,בר אילן
6100,711,שפירא
6100,712,ריינס
6100,724,אשל אברהם
6100,731,אבני נזר
6100,801,בירנבוים
6100,805,אורליאן
6100,807,הרב נסים יצחק
6100,808,הרב עוזיאל
6100,809,"האדמו""ר מקוצק"
6100,811,קושניר
6100,812,הר סיני
6100,814,בן דוד אברהם
6100,816,אמרי חיים
6100,824,מחזיקי הדת
6100,825,עזרא
6100,826,רבינא
6100,827,מתתיהו
6100,829,ישמח משה
6100,830,חזון איש
6100,831,בית הלל
6100,833,נחמיה
6100,834,דבורה הנביאה
6100,835,אהרונוביץ ראובן
6100,836,בר יוחאי
6100,837,השומר
6100,844,יונה הנביא
6100,846,"האדמו""ר מגור"
6100,850,שלמה המלך
6100,856,שמשון הגבור
6100,870,הרב בן יעקב
6100,872,דמשק אליעזר
6100,877,אמרי ברוך
6100,886,"חידושי הרי""ם"
6100,889,בית שמאי
6100,891,הרב כהנמן
6100,901,בעל שם טוב
6100,902,"רש""י"
6100,904,אור החיים
6100,906,"מהרש""ל"
6100,911,הרב דסלר
6100,918,בן זכאי
6100,930,מוהליבר
6100,931,עובדיה
6100,933,יהודה הנשיא
6100,934,אנילביץ
6100,937,אלשיך
6100,944,מרים הנביאה
6100,949,בארי
6100,959,הרב גרוסברד
6100,998,הרב עטיה עזרה
6200,101,קרן קימת לישראל
6200,102,ירושלים
6200,106,השלושה
6200,108,ניצנה
6200,118,קדושי לוצק
6200,121,נגבה
6200,124,בן יוסף שלמה
6200,128,הזית
6200,132,יוסף הנשיא
6200,201,שד העצמאות
6200,202,הגבול
6200,207,"רמב""ם"
6200,208,הלפר
6200,209,ארלוזורוב
6200,210,הרצל
6200,212,דרך בן גוריון
6200,214,הרב קוק
6200,216,מסריק
6200,217,ברדיצ'ב אבא
6200,219,העמדות
6200,220,רוטשילד
6200,221,בלפור
6200,224,ליבסקינד
6200,225,עליה ב'
6200,301,דנין יחזקאל
6200,302,ז'בוטינסקי
6200,304,הנביאים
6200,308,השקמה
6200,309,יהודה הלוי
6200,310,שד יוספטל גיורא
6200,311,הקוממיות
6200,312,יצחק שדה
6200,313,"ד""ר ניר נחום"
6200,314,ברנר
6200,316,בר יהודה
6200,401,כצנלסון ברל
6200,402,בר אילן
6200,403,החשמונאים
6200,404,הפועל
6200,405,רמז
6200,406,אנילביץ
6200,410,פרלשטיין
6200,414,הרב עוזיאל
6200,416,הרב הרצוג
6200,422,החרושת
6200,423,בית וגן
6200,426,דניאל
6200,430,ההגנה
6200,437,השר פנקס
6200,439,שרת משה
6200,440,ששת הימים
6200,441,קריתי
6200,443,נורדאו מקס
6200,501,התחיה
6200,502,רהב
6200,503,מבצע סיני
6200,505,אילת
6200,507,סנה משה
6200,508,הרב ניסנבוים יצחק
6200,513,תנין
6200,518,כהן אלי
6200,521,"כ""ט בנובמבר"
6200,522,ליבורנו
6200,523,הרב לוי
6200,527,סמ האילנות
6200,534,רזיאל דוד
6200,546,ירקוני
6200,553,גנרל קניג פייר
6200,601,העבודה
6200,605,הסוללים
6200,606,האורגים
6200,607,העמל
6200,612,פרנק אנה
6200,613,הרב מימון
6200,620,דרך מנחם בגין
6200,622,בכר ניסים
6200,623,השבטים
6200,626,קרן היסוד
6200,639,טבנקין
6200,655,עגנון
6200,658,בזל
6200,664,"ביל""ו"
6200,666,הבריגדה
6200,670,מוהליבר
6300,101,כצנלסון
6300,103,ערבי נחל
6300,106,מנרה
6300,109,בורוכוב
6300,110,קרן קימת לישראל
6300,114,המורד
6300,116,גורדון
6300,123,סירקין
6300,126,המעגל
6300,133,שפע טל
6300,201,הכנסת
6300,202,שינקין
6300,210,דרך בן גוריון דוד
6300,212,ניצנה
6300,222,בראשית
6300,223,גולומב
6300,224,ריינס
6300,301,ויצמן
6300,305,ברדיצ'בסקי
6300,308,ז'בוטינסקי
6300,314,"צה""ל"
6300,318,בן צבי שמעון
6300,403,הלמד הא
6300,406,עלית הנוער
6300,501,טיבר
6300,502,הנגבה
6300,503,"רמב""ם"
6300,504,רמז
6300,505,גנסין
6300,507,המגדל
6300,511,יד מרדכי
6300,514,דרך השלום
6300,601,דרך יצחק רבין
6300,603,רביבים
6300,605,מנורה
6300,608,כף גימל
6300,609,המאבק
6300,618,עמישב
6300,621,כורזין
6300,622,הרצוג
6300,627,משמר הירדן
6300,630,אלוף שדה
6300,634,טבנקין
6300,636,ילדי טהרן
6400,104,הר סיני
6400,105,בורוכוב
6400,106,כצנלסון
6400,111,קבוץ גלויות
6400,113,יציאת אירופה
6400,132,הר שומרון
6400,212,יצחק שדה
6400,217,"צה""ל"
6400,300,רזיאל דוד
6400,306,ההסתדרות
6400,309,בן גוריון
6400,310,דרך רמת השרון
6400,313,בר כוכבא
6400,314,"ביל""ו"
6400,318,סעדיה גאון
6400,319,הנגב
6400,360,אמירים
6400,366,פסמן
6400,402,השרון
6400,404,ויצמן
6400,406,סוקולוב
6400,407,הס
6400,413,אחד העם
6400,416,הבנים
6400,421,העצמאות
6400,423,קהילת ציון
6400,429,הפרדסים
6400,464,אלתרמן נתן
6400,467,הרב גורן
6400,475,עגנון
6400,487,רגבים
6400,502,הדר
6400,504,אלוף אלון יגאל
6400,505,יפה אריה לייב
6400,509,החלוץ
6400,510,"יל""ג"
6400,511,"שד ח""ן"
6400,513,בני בנימין
6400,521,העליה השניה
6400,522,גולומב אליהו
6400,526,השקדים
6400,530,הבריגדה היהודית
6400,534,הנדיב
6400,537,"רש""י"
6400,538,שבעת הכוכבים
6400,540,פינסקר
6400,547,הרב קוק
6400,549,דרך ירושלים
6400,552,תל חי
6400,558,האילנות
6400,559,יבנה
6400,563,כנפי נשרים
6400,569,תור הזהב
6400,582,סמילנסקי משה
6400,593,כבוש העבודה
6400,596,נבו יוסף
6400,601,נורדאו
6400,605,שער הים
6400,608,הנשיא יצחק בן צבי
6400,609,האשל
6400,612,קפלן
6400,616,וינגייט
6400,618,רמת ים
6400,620,בזל
6400,621,קורן
6400,627,קרן היסוד
6400,649,גלי תכלת
6400,652,המעפילים
6400,705,מדינת היהודים
6400,707,הסדנאות
6400,708,שנקר אריה
6400,710,משכית
6400,713,שד אבא אבן
6400,714,המנופים
6400,715,החושלים
6400,716,יורדי ים
6400,730,שארית הפליטה
6400,775,דרך דיין משה
6400,792,שד בגין מנחם
6400,795,השונית
6400,816,בן סרוק מנחם
6400,822,סמ בני ברית
6400,825,גרינברג אורי צבי
6400,826,ז'בוטינסקי
6400,828,נעמי שמר
6400,901,גולדה מאיר
6400,6503,ש יד התשעה
6500,104,"צה""ל"
6500,110,מדורסקי
6500,111,סולד הנרייטה
6500,112,"פיק""א"
6500,202,ירושלים
6500,205,ארלוזורוב
6500,210,העליה השניה
6500,211,"רח""ש"
6500,220,ישעיהו
6500,223,השדרה
6500,230,הרב קוק
6500,231,חובבי ציון
6500,233,פרידלנדר
6500,248,רוטמן
6500,253,"תרמ""ב"
6500,296,המסגר
6500,298,החרש
6500,299,האומן
6500,300,בעלי המלאכה
6500,303,גולדנברג
6500,309,שד החרות
6500,310,הזגג
6500,311,המתכת
6500,312,קומבה
6500,313,"מנא""י"
6500,407,בילינסון
6500,408,אוסישקין
6500,412,כהן אוסקר
6500,413,גורדון
6500,418,כביש מס' 2
6500,419,כביש מס' 4
6500,422,שמעוני דוד
6500,427,אהרונוביץ
6500,434,בוארון ברוך
6500,436,חוף הכרמל
6500,450,אהרונסון
6500,460,אלון יגאל
6500,493,הסהרון
6500,515,הקרן הקימת לישראל
6500,522,מבצע עזרא
6500,524,שבטי ישראל
6500,525,הראשונים
6500,527,הקונגרס
6500,538,ארבע האגודות
6500,539,דרך הרכבת
6500,541,"הנצי""ב"
6500,547,קלז
6500,550,הרב טייב חי
6500,552,הרב ניסים
6500,554,הרב בוזגלו
6500,580,פרנק
6500,587,הנמיה
6500,601,הרצל
6500,602,הרברט סמואל
6500,603,הלל יפה
6500,604,"רמב""ם"
6500,606,הנשיא ויצמן
6500,607,מלחמת ששת הימים
6500,611,שד רוטשילד
6500,612,"תרנ""א"
6500,616,העליה הראשונה
6500,625,הרב הרצוג
6500,631,שפירא
6500,644,שד בגין מנחם
6500,650,"האר""י"
6500,655,בר אילן מאיר
6500,664,"שח""ל"
6500,675,הגלבוע
6500,679,השלום
6500,690,שד רחבעם זאבי
6500,701,אחד העם
6500,702,ז'בוטינסקי
6500,713,ביאליק
6500,733,פיינברג
6500,737,חזני מיכאל
6500,738,אסירי ציון
6500,752,גולדה מאיר
6500,772,נהלל
6500,780,חברת עזרא
6500,800,השקמה
6500,802,"כ""ט בנובמבר"
6500,804,העצמאות
6500,807,קבוץ גלויות
6500,808,יציאת אירופה
6500,809,השושנים
6500,820,בן צבי יצחק
6500,821,חטיבת גולני
6500,827,התות
6500,829,עצמון
6500,832,הפרדס
6500,840,האבוקדו
6500,866,שקמונה
6500,868,עין גב
6500,874,ריחן
6500,876,שפאק
6500,920,חזון איש
6500,941,יפה נוף
6500,950,רבין יצחק
6500,971,שד אלכסנדר
6500,1005,"חטיבת הנח""ל"
6600,101,דרך השבעה
6600,103,הנגר
6600,106,האורגים
6600,107,הבנאי
6600,108,החופר
6600,109,הלהב
6600,110,המכתש
6600,111,המלאכה
6600,112,המרכבה
6600,113,המשביר
6600,114,הנפח
6600,115,הסדנה
6600,117,הפלד
6600,118,האופן
6600,119,תמנע
6600,121,המנור
6600,127,הרוקמים
6600,132,הצורף
6600,133,הנחושת
6600,204,השופטים
6600,209,פרופ' שור
6600,217,יעבץ
6600,218,טהון
6600,226,מרבד הקסמים
6600,301,מוצקין
6600,302,קבוץ גלויות
6600,303,בר כוכבא
6600,304,ההסתדרות
6600,316,שד ירושלים
6600,317,גאולים
6600,318,הגפן
6600,319,הכנסת
6600,320,בית שערים
6600,324,אלעזר דוד
6600,325,ראש פנה
6600,333,מוהליבר
6600,336,ריינס
6600,337,וולפסון
6600,344,פבריגט
6600,350,שטרוק
6600,357,התחיה
6600,401,סוקולוב
6600,405,מרקובצקי
6600,406,קראוזה
6600,415,חנקין
6600,416,ז'בוטינסקי
6600,417,"הפלמ""ח"
6600,419,אוסישקין
6600,426,מקוה ישראל
6600,431,ההגנה
6600,434,מנדלי מוכר ספרים
6600,442,הרב הרצוג
6600,443,שפרינצק
6600,444,מימון
6600,503,ביאליק
6600,505,שד קוגל
6600,508,"מזא""ה"
6600,509,חובבי ציון
6600,511,צ'לנוב
6600,513,קפלן
6600,514,הלוחמים
6600,516,מונטיפיורי
6600,518,"ש""ץ צבי"
6600,525,קפאח
6600,529,המעפילים
6600,542,החרמון
6600,546,מכס וג'סי כהן
6600,548,טמטאב
6600,601,המצודה
6600,616,הבנים
6600,617,יפו
6600,620,מבצע סיני
6600,622,חזית חמש
6600,623,פילדלפיה
6600,632,גבעתי
6600,634,הטייסים
6600,637,שד לוי אשכול
6600,642,התותחנים
6600,645,סרלין יוסף
6600,701,בוסל
6600,702,ויצמן
6600,704,חומה ומגדל
6600,706,שנקר
6600,707,"תרצ""ו"
6600,708,ארלוזורוב
6600,711,הרצפלד
6600,712,אחד במאי
6600,715,"י""א באדר"
6600,721,בילינסון
6600,724,הנשיאים
6600,725,שד הוז דב
6600,726,אבן עזרא
6600,727,שבזי
6600,729,האבות
6600,741,בעל שם טוב
6600,742,אברבנאל
6600,743,"הגר""א"
6600,747,חצרים
6600,748,צאלים
6600,749,שד יוספטל
6600,750,קדושי קהיר
6600,751,פיכמן
6600,756,פייר קניג
6600,761,ארן זלמן
6600,792,ארליך שמחה
6600,793,צדוק דוד
6600,794,לסקוב חיים
6600,795,רבינוביץ יהושע
6600,796,דיין משה
6600,797,לנדאו חיים
6600,798,גרינברג אורי צבי
6600,800,שד בן גוריון
6600,803,העבודה
6600,805,התנאים
6600,811,ארבע ארצות
6600,815,החמניה
6600,819,חלץ
6600,821,הר הצופים
6600,826,מגידו
6600,827,גבעת התחמושת
6600,835,יהודה הנשיא
6600,875,אילון פנחס
6600,901,אהרונוביץ
6600,903,סירני
6600,907,העליה השניה
6600,910,גורדון
6600,911,אילת
6600,912,הציונות
6600,918,רמז
6600,921,לבון פנחס
6600,930,הופיין
6600,931,העוגן
6600,940,שער האריות
6600,941,"אלופי צה""ל"
6600,942,מפרץ שלמה
6600,943,רמת הגולן
6600,944,שרת משה
6600,947,קרן היסוד
6600,948,בית לחם
6600,956,שפירא חיים משה
6600,962,יום הכיפורים
6600,966,צפת
6600,968,קרית שמונה
6600,969,גולדה מאיר
6600,970,ברקת ראובן
6600,983,שד בגין מנחם
6600,984,רבין יצחק
6600,986,ברלב חיים
6600,990,מוטה גור
6600,993,המרגנית
6600,994,האלוף אהרון יריב
6600,1022,מנור אהוד
6600,6008,ככר הלוחמים
6700,103,השומר
6700,110,ביאליק
6700,111,ניברג
6700,112,יהודה הנשיא
6700,127,ברוריה
6700,137,טבור הארץ
6700,179,סייפן
6700,181,הגיבורים
6700,201,"הפלמ""ח"
6700,202,אלחדיף
6700,207,הירדן
6700,213,אזור תעשיה ומלאכה
6700,217,השילוח
6700,223,הגליל
6700,234,יהודה הלוי
6700,236,אילת
6700,241,תג'ר
6700,243,דונה גרציה
6700,246,הבנים
6700,250,שד קפלן אליעזר
6700,275,דרך מנחם בגין
6700,304,ביבאס
6700,309,ברנר
6700,311,טרומפלדור
6700,313,דרך הציונות
6700,318,החשמונאים
6700,322,שלמה המלך
6700,323,בר כוכבא
6700,324,השופטים
6700,325,דוד המלך
6700,326,שיטרית
6700,436,הנביאים
6700,444,בן צבי יצחק
6700,445,הנשיא ויצמן
6700,447,יפה נוף
6700,457,שד ספיר
6700,473,לוטם
6700,482,אור חיים
6700,485,בית הלל
6700,493,המברג
6700,508,שקד
6700,512,"מעלה קק""ל"
6700,6531,קרית משה
6800,105,בן עמי
6800,108,אנילביץ
6800,109,"פלמ""ח"
6800,110,ז'בוטינסקי
6800,112,גוש עציון
6800,145,הרר צבי
6800,152,האלה
6800,155,דרך מנחם בגין
6800,160,שאגל
6800,166,ואן גוך
6800,201,טביב אברהם
6800,217,זמנהוף
6800,219,חנקין
6800,220,העצמאות
6800,222,מולר הוגו
6800,223,סוקולוב
6800,227,רופין
6800,228,נורדאו
6800,239,שד הציונות
6800,240,רמז
6800,254,יוספטל
6800,256,דרך יצחק רבין
6800,301,הנביאים
6800,302,אליהו הנביא
6800,304,הגפן
6800,307,התאנים
6800,310,שד כצנלסון
6800,314,המיסדים
6800,320,הדקלים
6800,321,כנרת
6800,323,זבולון
6800,324,מורדי הגטאות
6800,330,המגינים
6800,335,פרישמן
6800,336,אחד העם
6800,337,ביאליק
6800,338,פרץ
6800,340,מנדלי מוכר ספרים
6800,345,התעלה
6800,346,שבטי ישראל
6800,632,הגורן
6800,649,שיבת ציון
6800,663,קרן קימת לישראל
6800,667,דרך חיפה
6800,673,קרן היסוד
6800,690,שרת משה
6800,691,בן צבי יצחק
6900,111,הנביאים
6900,127,תרי עשר
6900,132,הראשונים
6900,146,אורט
6900,148,השקמה
6900,205,"התע""ש"
6900,208,הסדנא
6900,236,עמק עירון
6900,262,"החי""ש"
6900,277,דרך הפועל
6900,302,"אז""ר"
6900,309,בן יהודה
6900,313,גולומב
6900,316,הגליל
6900,318,הוז דב
6900,322,המעפילים
6900,324,הס
6900,327,השחר
6900,340,כצנלסון ברל
6900,372,שפרינצק
6900,374,תל חי
6900,387,הבנים
6900,412,שד בגין מנחם
6900,420,טשרניחובסקי
6900,423,לוינסקי
6900,424,לילנבלום
6900,429,סירני
6900,436,קבוץ גלויות
6900,442,רמז דוד
6900,458,נתיב האבות
6900,480,סנה משה
6900,483,דרך השרון
6900,507,ארלוזורוב
6900,512,גאולה
6900,520,הרצל
6900,521,התחיה
6900,522,בן גוריון
6900,523,ויצמן
6900,527,ירושלים
6900,529,גלר זאב
6900,532,סוקולוב
6900,533,ששת הימים
6900,534,רוטשילד
6900,552,השרון
6900,571,המיסדים
6900,587,גבורי ישראל
6900,590,ארבל
6900,600,הצומת
6900,751,סמ הדרור
6900,852,דיין משה
6900,1307,עתירי ידע
6900,1308,התוכנה
6900,1309,היוזמה
6900,6501,ש אסבסט קפלן
6900,6511,אזור התעשיה
7000,101,הרצל
7000,119,מורדי הגטאות
7000,138,קלר הלן
7000,142,טרומפלדור
7000,143,כצנלסון
7000,144,סוקולוב
7000,164,סילבר אבא הלל
7000,172,לב פסח
7000,176,המלאכה
7000,180,יסמין
7000,206,ביאליק
7000,207,גולומב
7000,211,בורוכוב
7000,231,כהן אלי
7000,235,פלומניק יעקב
7000,301,החשמונאים
7000,304,כהן מיכאל
7000,305,"שד צה""ל"
7000,307,הרב קוק
7000,317,הרצוג
7000,319,החלוץ
7000,340,שד הציונות
7000,341,סן מרטין
7000,345,אלשוילי אבישי
7000,348,שד בן גוריון
7000,359,הגדוד העברי
7000,361,סטרומה
7000,365,שפירא חיים משה
7000,401,ארלוזורוב
7000,403,ז'בוטינסקי
7000,405,שלמה המלך
7000,421,שד דוד המלך
7000,453,יקינטון
7000,463,הפרחים
7000,503,פנקס דוד
7000,504,אינשטיין
7000,509,בן חקון
7000,518,נימרוב
7000,524,שד ירושלים
7000,534,הצנחנים
7000,551,גלבוע
7000,558,אחוה
7000,561,חטיבת יפתח
7000,601,בן אליעזר אריה
7000,702,לובלין אהרון
7000,706,חללי אגוז
7000,730,אדמונית
7000,765,המצביאים
7000,9000,לוד
7100,306,יפה נוף
7100,311,שד דרום אפריקה
7100,319,הנשיא
7100,362,השייטת
7100,375,בן צבי
7100,376,ברייר דב
7100,377,אורט
7100,381,הטייסים
7100,390,שד ירושלים
7100,394,בר כוכבא
7100,395,סגל צבי
7100,397,קבוץ גלויות
7100,416,אלי כהן
7100,425,העליה
7100,434,"קק""ל"
7100,435,הרצל
7100,437,"צה""ל"
7100,440,העבודה
7100,443,הסופרים היהודים
7100,449,קול משה
7100,451,רמז דוד
7100,456,"רמב""ם"
7100,457,אבן עזרא
7100,467,הגדוד העברי
7100,470,החלוץ
7100,471,"הפלמ""ח"
7100,474,"נח""ל"
7100,475,אוסישקין
7100,496,שד התעשיה
7100,504,שפירא יוסף
7100,561,עופר אברהם
7100,608,יהודה הלוי
7100,624,"בי""ח ממשלתי"
7100,630,ההסתדרות
7100,632,ביאליק
7100,639,צור אפרים
7100,641,יוספטל
7100,653,שד בן גוריון
7100,662,סיני
7100,674,פינס יוסף
7100,693,שד שפירא
7100,694,עגנון
7100,697,שני אליהו
7100,730,האומן
7100,741,האופה
7100,744,המתכנן
7100,746,העמל
7100,748,חוצות היוצר
7100,806,"מח""ל"
7100,810,הכישור
7100,812,האופן
7100,817,טרומפלדור
7100,818,שד מונטיפיורי
7100,831,דורות משה
7100,845,דרך היין
7100,852,תגר עליזה
7100,856,"שד אצ""ל"
7100,884,בן אליעזר אריה
7100,893,הציונות
7100,895,קרן היסוד
7100,931,הגליל
7100,938,עלית הנוער
7100,1012,אייר
7100,1017,סיון
7100,1018,אקסודוס
7100,1023,לכיש
7100,1024,מבצע משה
7100,1029,פקיעין
7100,1035,בגין מנחם
7100,1048,תמוז
7100,1050,איילה
7100,1060,יהדות בריטניה
7100,1062,יהדות ספרד
7100,1070,הגבורה
7100,1106,הנמל
7100,1107,השונית
7100,1115,שד רבין יצחק
7100,1121,בית אל
7100,1123,מחניים
7100,6011,ככר צפניה
7100,6515,רמת בן גוריון
7200,101,מרגולין
7200,103,ויצמן
7200,109,הבנים
7200,115,נורדאו
7200,121,"פלמ""ח"
7200,126,סוקולוב
7200,127,זרובבל
7200,128,החלוץ
7200,134,בן גוריון
7200,135,שמידט ישראל
7200,149,אלי כהן
7200,152,שדה יצחק
7200,157,שיבת ציון
7200,160,נחשון
7200,162,שבטי ישראל
7200,201,רוטשילד
7200,206,הרצל
7200,210,המנין הראשון
7200,212,דרך רבין יצחק
7200,214,"ביל""ו"
7200,219,הטייסים
7200,223,ששת הימים
7200,229,עמק השושנים
7200,230,השריון
7200,231,ההסתדרות
7200,237,הלב
7200,240,שד המעפילים
7200,301,ראובן
7200,304,"התרמ""ג"
7200,317,הפטיש
7200,320,ספיר פנחס
7200,365,בגין מנחם
7300,118,רח 6000
7300,201,רח 7000
7300,210,רח 5000
7300,250,רח 6092
7300,311,רח 4021
7300,320,רח 301
7300,366,רח 5004
7300,367,רח 6064
7300,391,רח 5050
7300,402,רח 5016
7300,408,רח 5056
7300,422,רח 5104
7300,425,באר אל אמיר
7300,426,דרך עפולה
7300,430,רח 5036
7300,434,רח 5070
7300,438,שכון שנלר
7300,504,רח 3047
7300,513,רח 6021
7300,569,רח 4002
7300,624,רח 6033
7300,700,רח 5080
7300,839,רח 3021
7300,846,רח 3001
7300,853,רח 3008
7300,854,רח 3009
7300,869,רח 1047
7300,885,רח 7031
7300,933,רח 8015
7300,940,רח 7003
7300,946,רח 7009
7300,962,רח 8000
7300,1000,רח 5071
7300,1039,רח 2016
7300,1061,רח 7070
7300,1081,רח 1049
7300,6508,שכ סאפפרה
7400,110,גליקסון
7400,112,דרך הירדן
7400,130,משמר הירדן
7400,132,ניסנבוים
7400,133,עולי הגרדום
7400,134,פינס
7400,135,עמק חפר
7400,137,הרב קלישר
7400,138,הרב ריינס
7400,139,רזיאל
7400,160,קדושי בלזן
7400,175,התנאים
7400,181,בובר
7400,190,ברכה שמעון
7400,201,אנדריוס
7400,205,דברי חיים
7400,207,הגדוד העברי
7400,208,הגפן
7400,210,הויסמנס קמיל
7400,235,סוקולוב
7400,240,שלמה המלך
7400,253,המלכים
7400,258,מימון
7400,303,בארי
7400,304,בורוכוב
7400,306,בר אילן
7400,308,ברנר
7400,310,גורדון
7400,311,גולומב
7400,314,זנגביל
7400,315,טרומפלדור
7400,316,יהודה הנשיא
7400,323,הרב קוק
7400,327,שמואל הנציב
7400,328,שפירא משה
7400,329,שרת
7400,344,מלחמת ששת הימים
7400,351,ברמן בני
7400,404,ברקת ראובן
7400,405,דוד המלך
7400,406,דיזנגוף
7400,407,החלוצים
7400,408,היהלום
7400,411,המתמיד
7400,413,הס משה
7400,417,שד ויצמן
7400,418,הרצל
7400,419,שד ירושלים
7400,420,לילינבלום
7400,425,פינסקר
7400,429,רמז דוד
7400,430,שאול המלך
7400,432,שטמפפר
7400,441,ביאליק
7400,444,בן אליעזר
7400,450,רחבת כצנלסון ראוב
7400,503,"אצ""ל"
7400,504,"שד בן אב""י"
7400,505,בן יהודה
7400,507,ברודצקי
7400,508,גבע
7400,510,הגליל
7400,512,ז'בוטינסקי
7400,515,טשרניחובסקי
7400,517,יהודה הלוי
7400,521,סמילנסקי
7400,525,תחכמוני
7400,532,שד בנימין
7400,534,הלפרין ירמיהו
7400,538,דנקנר
7400,539,הכרמל
7400,549,זמנהוף
7400,607,"האר""י"
7400,608,"הגר""א"
7400,609,שד בן צבי
7400,615,דרך הרכבת
7400,627,פתח תקוה
7400,629,"רד""ק"
7400,642,אפרים
7400,702,פנקס דוד
7400,707,שכטרמן
7400,708,האורג
7400,819,מלכין שרה
7400,831,שפרינצק
7400,832,הזמיר
7400,836,הגוזל
7400,837,הפלדה
7400,840,אורט
7400,842,הקדר
7400,843,האורזים
7400,847,דרך דגניה
7400,864,הרב אונטרמן יהודה
7400,865,הרב הרטום שמואל
7400,870,אסתר המלכה
7400,873,קלויזנר יוסף
7400,875,שפיגלמן אברהם
7400,877,אונברסיטה
7400,878,החינוך העברי
7400,906,הנביאים
7400,922,נחום
7400,923,נחמיה
7400,946,שלום עליכם
7400,958,גרינבוים
7400,960,בלומנפלד
7400,962,שמורק
7400,963,יד חרוצים
7400,969,שניאור זלמן
7400,973,עגנון
7400,983,"שז""ר זלמן"
7400,991,הלילך
7400,993,לבון פנחס
7400,995,ארן זלמן
7400,996,שד בן גוריון
7400,1001,שד גולדה מאיר
7400,1008,"ד""ר פרח יהודה"
7400,1014,"מפ""י"
7400,1015,גבורי ישראל
7400,1017,הבונים
7400,1019,היצירה
7400,1020,ארליך שמחה
7400,1022,התרופה
7400,1024,הגביש
7400,1025,המחשב
7400,1029,מנלה גד
7400,1068,אמנון ותמר
7400,1078,שד עובד בן עמי
7400,1090,מרשל פייר קניג
7400,1104,חבצלת החוף
7400,1209,שבטי ישראל
7400,1214,יששכר
7400,1220,יוסף
7400,1223,כסלו
7400,1260,שדרות לנטוס טום
7400,6001,ככר העצמאות
7600,105,פנקס
7600,108,גדוד 22
7600,110,יונתן החשמונאי
7600,121,משמר הים
7600,201,קבוץ גלויות
7600,202,גדיש יוסף
7600,205,דרך הארבעה
7600,215,"ביל""ו"
7600,217,שביל הארגמן
7600,221,רמז דוד
7600,232,שלום הגליל
7600,301,"הרמב""ם"
7600,304,בן שושן אברהם
7600,305,העליה
7600,402,הרצוג
7600,403,הרצל
7600,415,המפעל
7600,421,שרת משה
7600,424,הכרם
7600,431,שפירא משה חיים
7600,436,הסיגלית
7600,451,מעלה הכרמים
7600,501,בן עמי
7600,503,יהושפט
7600,504,נוי דוד
7600,505,העצמאות
7600,507,ויצמן
7600,509,ההגנה
7600,515,גבורי סיני
7600,522,בן יוסף שלמה
7600,6523,שכ בן גוריון
7700,112,ז'בוטינסקי
7700,123,צופית
7700,169,בן צבי יצחק
7700,172,האירוסים
7700,196,שד קונטיקט
7700,281,דוד אלעזר
7700,301,ההסתדרות
7700,302,חטיבה תשע
7700,305,האביב
7700,308,ההדסים
7700,311,האורנים
7700,312,ההדרים
7700,319,שפרינצק
7700,320,קהלת ציון
7700,323,ירושלים
7700,324,חנקין יהושע
7700,326,אגוז
7700,328,שד רבין יצחק
7700,330,דרך בית החולים
7700,333,שד ארלוזורוב
7700,338,הבנים
7700,341,הנשיא וייצמן
7700,343,העליה
7700,344,הכנסת
7700,345,אוסישקין
7700,366,וולפסון
7700,367,הרב לוין
7700,383,שינבוים
7700,385,כורש
7700,422,המלאכה
7700,423,המגל
7700,426,חרוד
7700,445,תאשור
7700,501,האלון
7700,522,רותם
7700,621,השוק
7700,630,שד בגין מנחם
7700,653,ברלב חיים
7800,101,חרובים
7800,102,האורנים
7800,104,דרך הים
7800,105,הדקלים
7800,106,הנדיב
7800,110,השדה
7800,111,מלאכה
7800,113,דרך הבנים
7800,118,הנשיא
7800,124,גלעד
7800,125,"דרך פיק""א"
7800,129,חבצלת
7800,139,הדרים
7800,140,הצפירה
7800,149,עציון
7800,153,דרור
7800,156,דרך יזרעאל
7800,176,צנחנים
7800,206,הגאון
7800,228,זמיר
7800,249,מלאכי
7800,255,דביר
7800,257,המסילה
7800,263,תחיה
7800,265,"שב""ל"
7800,266,דרך למרחב
7800,270,שד ציונות
7800,313,הכרם
7800,370,שוהם
7800,409,תדהר
7800,502,אחוזה
7800,503,המייסדים
7800,504,דגניה
7800,506,המושב
7800,508,דרך קדמה
7800,535,היוגב
7800,539,נעורים
7800,541,תלפיות
7800,557,נוגה
7800,560,ירושלים
7800,591,נטע
7800,636,יהלום
7800,6555,קדמת פרדס חנה
7900,103,דרך ספיר יוסף
7900,107,שטמפפר יהושע
7900,108,המכבים
7900,110,חנקין יהושע
7900,111,אלכסנדר ינאי
7900,112,הירקונים
7900,115,ברנדייס
7900,118,פינסקר
7900,124,אורלוב זאב
7900,126,ימיני דב
7900,127,בר כוכבא
7900,129,רוטשילד
7900,132,רפפורט נתן
7900,136,גיסין אבשלום
7900,138,דרזנר יחיאל
7900,141,גרניט
7900,142,אחים ישראלית
7900,144,גליס
7900,145,ברגמן צבי
7900,147,הבורסקאי
7900,148,נחשון
7900,149,שוולב משה
7900,153,רבניצקי
7900,156,שחם
7900,162,החרושת
7900,169,דיין משה
7900,171,תוצרת הארץ
7900,172,החרש
7900,173,גהל מרטין
7900,174,וינקלר אלתר
7900,178,זכרון יעקב
7900,180,המר זבולון
7900,185,מטולה
7900,189,ראשון לציון
7900,190,רחובות
7900,201,פרומקין
7900,202,תל חי
7900,205,ברוידה
7900,206,פרץ נפתלי
7900,207,סטרומה
7900,210,גולדנהירש
7900,211,גוטמן
7900,212,ברון הירש
7900,213,הרצל
7900,214,מונטיפיורי
7900,215,נורדאו מכס
7900,216,חובבי ציון
7900,218,הרב מוהליבר שמואל
7900,220,ההגנה
7900,221,עוזר חיים
7900,224,איכילוב יצחק
7900,226,וולפסון דוד
7900,227,העליה השניה
7900,229,חפץ חיים
7900,230,ההסתדרות
7900,231,הס משה
7900,232,אוסישקין מנחם
7900,233,הראשונים
7900,235,"רמב""ם"
7900,236,נחלת צבי
7900,238,מרכוס משה
7900,241,חכם יוסף חיים
7900,243,אלוף רחבעם זאבי
7900,254,הרב חפוטא יאיר
7900,256,אביאל
7900,301,פרישמן דוד
7900,302,יהודה הלוי
7900,304,עין גנים
7900,306,א ד ג
7900,309,סוקולוב
7900,313,אברבנאל
7900,318,אחד העם
7900,323,הרב קטרוני
7900,324,אורלנסקי
7900,326,פינס יחיאל מיכל
7900,327,ביאליק
7900,333,בעל שם טוב
7900,360,דרך יצחק רבין
7900,362,דגניה
7900,404,האילנות
7900,407,ה באייר
7900,424,ירושלים
7900,426,צ'לנוב יחיאל
7900,448,הרב הרצוג
7900,450,אחוה יעקב
7900,454,ועד ארבע ארצות
7900,457,"בד""ר"
7900,458,רמז דוד
7900,459,גוש עציון
7900,460,הותיקים
7900,487,ויסבורג
7900,501,צלח שלום
7900,502,צפת
7900,503,טבריה
7900,504,עזרא ונחמיה
7900,508,הרב אלקלעי
7900,511,חזן יעקב
7900,542,יקותיאל אדם
7900,555,דרך בגין מנחם
7900,593,רבי יהודה הנשיא
7900,603,הנביאים
7900,606,כנסת ישראל
7900,618,תפוצות ישראל
7900,620,אהבת ציון
7900,624,הרב קלישר
7900,625,קיש
7900,628,סולד הנריטה
7900,631,השופטים
7900,634,החמישה
7900,635,נוביק רבקה
7900,639,שלמה
7900,655,שמעיה ואבטליון
7900,708,טוסקניני
7900,715,סלנט שמואל
7900,727,יוספסברג
7900,728,מינץ בנימין
7900,730,שפרינצק
7900,743,זרובבל יעקב
7900,747,גורדון מרדכי
7900,793,שוהם
7900,794,לשם
7900,801,ילין אבינועם
7900,802,קרן קימת לישראל
7900,803,שפירא הרמן צבי
7900,805,ברנדה זאב
7900,806,כץ מיכל לייב
7900,809,בן יהודה
7900,810,בלפור
7900,813,כהן חיים
7900,817,סלומון
7900,829,"פיק""א"
7900,830,מכנס גד
7900,833,סנה משה
7900,901,"ביל""ו"
7900,902,סעדיה גאון
7900,904,רופין
7900,905,ז'בוטינסקי
7900,909,קרול יעקב
7900,910,דובנוב שמעון
7900,911,שדה יצחק
7900,913,כצנלסון ברל
7900,915,בורוכוב
7900,916,ארלוזורוב
7900,920,טרומפלדור
7900,926,פיכמן יעקב
7900,927,"צה""ל"
7900,928,קפלן אליעזר
7900,950,האחים בן עזר
7900,957,דנמרק
7900,961,הצוערים
7900,974,הרב יחבוב אהרון
7900,985,אמסטרדם
7900,1001,זולא אמיל
7900,1003,עמל
7900,1004,היצירה
7900,1005,אפעל
7900,1006,בזל
7900,1008,שמשון
7900,1011,אסירי ציון
7900,1014,דנקנר מאיר
7900,1017,השפלה
7900,1018,המפלסים
7900,1019,בן דרור מרדכי
7900,1023,יגיע כפיים
7900,1027,הרב מלכה משה
7900,1028,מוטה גור
7900,1035,דרך אם המושבות
7900,1039,לויתן חנן
7900,1102,מסדה
7900,1107,שנקר אריה
7900,1109,הסיבים
7900,1110,אינשטיין
7900,1115,"רמ""א"
7900,1129,זייד אלכסנדר
7900,1153,ביטרמן מרדכי
7900,1158,המגשימים
7900,1160,השלוח
7900,1174,דרנגר טובה ושמעון
7900,1201,היבנר
7900,1203,הנשיאים
7900,1205,העצמאות
7900,1206,בס זליג
7900,1212,ויצמן
7900,1214,אנסקי
7900,1217,לוחמי הגיטו
7900,1219,"י""ד הבנים"
7900,1224,בן צבי יצחק
7900,1226,יפה נוף
7900,1229,דגל ראובן
7900,1254,אחימאיר אבא
7900,1266,רוטברד ברוך
7900,1269,אידלמן
7900,1425,אבא ברדיצ'ב
7900,6547,נווה גן
7900,6565,אזור מסחר
8000,106,יוספטל
8000,107,הגליל
8000,109,הגדוד השלישי
8000,111,השבעה
8000,211,ירושלים
8000,219,העצמאות
8000,221,ז'בוטינסקי זאב
8000,368,"צה""ל"
8000,415,הנשיא
8000,417,לוחמי הגטאות
8000,418,רמז דוד
8000,420,שפרינצק
8000,423,ויצמן
8000,429,אלעזר דוד
8000,430,"לח""י"
8000,439,דרך השומשום
8000,550,מצפה האגם
8000,603,החרמון
8000,6506,ש כנען
8000,6516,רמת רזים
8000,6519,שכ הדר
8200,103,שד קרן קימת
8200,104,שד גושן משה
8200,106,אושה
8200,107,מכבי
8200,108,כצנלסון
8200,112,דבורה
8200,119,גרושקביץ
8200,121,"אח""י אילת"
8200,123,יששכר
8200,133,שד ויצמן
8200,143,החשמונאים
8200,145,ז'בוטינסקי
8200,152,ורד
8200,180,דולצ'ין אריה
8200,189,אשכול לוי
8200,192,אלון יגאל
8200,199,קדיש לוז
8200,200,שד בן גוריון
8200,204,חזני מיכאל
8200,210,פז
8200,215,בגין מנחם
8200,224,ירושלים
8300,104,שניאור זלמן
8300,105,אנילביץ
8300,111,דוד המלך
8300,112,לוי אשכול
8300,116,שאול המלך
8300,119,משורר השואה
8300,120,שד התקומה
8300,121,הרב נורוק
8300,123,תורה ועבודה
8300,124,הרב מינץ
8300,134,לישנסקי יוסף
8300,143,גולדה מאיר
8300,144,גלילי ישראל
8300,145,חסידי אומות העולם
8300,149,היין
8300,165,הזהבית
8300,167,מוטה גור
8300,175,שד מרילנד
8300,180,ההסתדרות
8300,182,היקב
8300,184,הבוצרים
8300,192,הזמורה
8300,194,בר-לב חיים
8300,195,שד יצחק רבין
8300,201,ז'בוטינסקי
8300,203,דובנוב
8300,207,ארלוזורוב
8300,209,כצנלסון
8300,219,ברנר
8300,233,רמז
8300,237,הרימון
8300,243,הורוביץ
8300,245,דרובין יואל
8300,247,עולי הגרדום
8300,248,השקד
8300,249,השדה
8300,251,וולפסון
8300,253,השחר
8300,259,התקוה
8300,263,פרופ' נחום
8300,271,"שדרת תש""ח"
8300,277,קרית ספר
8300,281,הירשפלד
8300,283,מבצע קדש
8300,287,שוחט מניה
8300,288,שד מנחם בגין
8300,291,רויז יוסף
8300,294,מן גרשון
8300,295,בן צבי יצחק
8300,300,שד בן גוריון
8300,301,רוטשילד
8300,302,זדל
8300,304,אחד העם
8300,305,הכרמל
8300,306,סמ בצלאל
8300,307,הרצל
8300,312,עין הקורא
8300,315,"תרמ""ב"
8300,319,תל חי
8300,321,שמריהו לוין
8300,324,שפינוזה
8300,325,ויתקין
8300,326,אוסישקין
8300,329,הלפרין
8300,330,קרן קימת
8300,331,קרן היסוד
8300,333,פינס
8300,338,מוהליבר
8300,339,פינברג יוסף
8300,340,דרור
8300,344,יהודה הלוי
8300,345,יהודה לייב
8300,346,"צ""ג בנות"
8300,347,פרנק צבי
8300,350,הרב קוק
8300,352,הגדוד העברי
8300,363,"רמב""ם"
8300,364,אברבנאל
8300,365,"רש""י"
8300,372,"בית""ר"
8300,378,הלל נפתלי
8300,379,מרגולין
8300,384,וייז סטפן
8300,389,גבעתי
8300,390,גרינבוים
8300,392,ברנדיס
8300,394,"חב""ד"
8300,401,גינדי מנחם
8300,402,"פיק""א"
8300,406,בורג יוסף
8300,407,הרב צדוק
8300,409,בלבן אליעזר
8300,410,פרימן יעקב
8300,411,ברניצקי נתן
8300,412,ויניק
8300,415,בן אליעזר
8300,418,ויגודסקי
8300,423,פופל מרדכי
8300,424,דוידזון
8300,426,סגל מרדכי יואל
8300,434,פלוטיצקי
8300,435,שמוטקין בנימין
8300,437,טוליפמן
8300,444,איתן
8300,446,אלטלנה
8300,447,סחרוב דוד
8300,449,בקר
8300,452,ברשבסקי
8300,453,קזושנר אברהם
8300,461,תנועות הנוער
8300,503,שד יעקב
8300,504,האשל
8300,512,השומר
8300,518,מורדי הגטאות
8300,524,לוין מיכאל וחנה
8300,528,אלון יגאל
8300,533,פייס
8300,540,שד נים
8300,543,קלמן
8300,550,דרך חיים הרצוג
8300,555,האחד עשר
8300,561,הרב טרוביץ שמואל
8300,580,הקוקיה
8300,591,גרינשפן הרשל
8300,600,הכרכום
8300,601,הרקפת
8300,607,השזיף
8300,608,האורן
8300,609,הצאלים
8300,611,נחמיה
8300,613,עזרא
8300,622,דבורה הנביאה
8300,623,"הפלמ""ח"
8300,624,יחזקאל הנביא
8300,626,יוסף הנשיא
8300,630,ברק
8300,650,הנוטרים
8300,659,ברנשטיין
8300,660,גיבשטיין יהושע
8300,661,ראם
8300,671,רבי יהודה הנשיא
8300,672,"המהר""ל מפראג"
8300,701,חנקין
8300,702,האחים אוסטשינסקי
8300,703,סמילנסקי
8300,704,קרון אהרון
8300,705,"האר""י"
8300,712,ירושלים
8300,713,בלפור
8300,714,שיבת ציון
8300,716,בלקינד שמשון
8300,721,לבונטין
8300,724,מאירוביץ
8300,725,נורדאו
8300,726,גלוסקין
8300,728,סוקולוב
8300,804,רוטנברג
8300,805,על כנפי נשרים
8300,814,אייזנבנד
8300,817,טרכטנברג
8300,851,המעיין
8300,852,ידין
8300,856,חומה ומגדל
8300,857,נגבה
8300,870,טירת צבי
8300,874,חניתה
8300,901,ישראלי שמעון
8300,902,השר שפירא משה
8300,903,שרת משה
8300,904,ספיר יוסף
8300,907,"אצ""ל"
8300,908,ההגנה
8300,912,חיל התותחנים
8300,916,כורש
8300,925,שד דיין משה
8300,933,הכשרת הישוב
8300,934,אלחנן
8300,935,לזרוב
8300,938,מזל אליעזר
8300,959,בסקינד נדב
8300,960,רוז'נסקי מרדכי
8300,961,לוי משה
8300,963,בר אברהם
8300,966,ילדי טהרן
8300,969,שייקה דן
8300,970,שד רחבעם )זאבי(
8300,1001,יברבוים
8300,1010,הנחשול
8300,1011,הדייגים
8300,1042,אבני החושן
8300,1057,ה' באייר
8300,1139,קשת
8300,1150,החלוצים
8300,1181,אופירה
8300,1200,התזמורת
8300,1202,המצילתיים
8300,1208,החליל
8300,1250,גדולי ישראל
8300,1252,מורשת ישראל
8300,1262,בובר מרטין
8300,1273,השירה העברית
8300,1274,הרב גורן
8300,1278,קלישר
8300,1301,מעגל השלום
8300,1352,קיסינג'ר הנרי
8300,1366,פרס שמעון
8300,1380,רח 10
8300,1383,מושוביץ
8300,1389,היוזמה
8300,5101,דרך המכבים
8300,5114,המייסדים
8300,5139,שד היובל
8300,5145,שד הציונות
8300,6526,נוה זאב
8400,101,המדע
8400,104,אופנהיימר
8400,105,פקריס
8400,106,ברגמן
8400,108,הולצמן חיים
8400,109,גוטהילף שמואל
8400,116,שדרת הקבוצים
8400,130,יוספזון
8400,196,המנוף
8400,202,יצירה
8400,205,גלגל
8400,210,יתום משה
8400,212,שחר ישראל
8400,221,מלחמת יום הכפורים
8400,222,מרבד הקסמים
8400,223,בן גוריון
8400,225,דוד אלעזר
8400,227,שיטה מלבינה
8400,246,בעל התניא
8400,249,צבר
8400,253,אגמון
8400,255,האלוף פרי
8400,260,דרך הים
8400,261,הר הצופים
8400,285,בשיסט מרדכי
8400,301,חנקין
8400,304,דרך יבנה
8400,319,בורוכוב
8400,321,טוב צפורה
8400,322,אנילביץ
8400,323,בוסל
8400,327,שד וולקני
8400,335,דניאלי עמוס
8400,343,קליין דב
8400,344,בורגין יהושע
8400,351,רוז'נסקי
8400,352,קנדלר
8400,358,מורי חיים
8400,361,כוכבי דוד
8400,363,רמז
8400,368,פריד משה
8400,375,ששת הימים
8400,376,"דרך אצ""ל"
8400,401,שד חן
8400,402,הרימון
8400,403,הרצל
8400,406,ש בן ציון
8400,409,גלוסקין
8400,411,פינס
8400,414,בית הפועלים
8400,415,טלר
8400,416,"ביל""ו"
8400,417,"חרל""פ"
8400,424,הגורן
8400,432,ברנר
8400,434,הרשנזון
8400,435,טשרניחובסקי
8400,438,נגבה
8400,441,הנביאים
8400,442,בנימין
8400,447,נורדאו
8400,448,עזרא
8400,449,מנוחה ונחלה
8400,451,יעקב
8400,454,ויצמן
8400,459,איזנברג
8400,460,בוסתנאי
8400,461,גורדון
8400,463,הנשיא הראשון
8400,468,בן יהודה
8400,481,גורודיסקי
8400,483,אחים קיבוביץ
8400,485,לבקוביץ
8400,488,"לח""י"
8400,502,"הגר""א"
8400,503,הרב מלצר
8400,504,השומרים
8400,505,סירני
8400,508,"פלמ""ח"
8400,511,ההגנה
8400,513,"הבעש""ט"
8400,516,גוש עציון
8400,521,הרב הרצוג
8400,524,"תר""ן"
8400,528,שטינברג
8400,530,מילר טובה וטוביה
8400,534,ברמן יעקב
8400,535,פורר יהושע
8400,543,מבצע ליטני
8400,546,פדובה טוביה
8400,584,יהלום
8400,585,שד בגין מנחם
8400,593,דרך ירושלים
8400,594,כהן אורי
8400,604,"רש""י"
8400,609,החבורה
8400,610,הפועל הצעיר
8400,615,הגליל
8400,621,הסגליות
8400,626,"זק""ש אפרים"
8400,627,אבן עזרא
8400,628,מזרחי דוד
8400,630,ישעיהו
8400,648,פינשטיין
8400,657,בלקינד ישראל
8400,676,חורש
8400,683,בן דוד פנחס
8400,685,דרך בן ארי יצחק
8400,692,יעקובי יצחק
8400,695,דרך פסטרנק
8400,701,שעובי זרח
8400,704,יחיא יגאל
8400,707,חזית הדרום
8400,709,ברזילי משה
8400,710,הרב דוד ישראל
8400,714,ארלוזורוב
8400,720,סעדיה גאון
8400,726,עקיבא
8400,730,שבזי
8400,736,קפרא מנשה
8400,738,מזרחי משה
8400,741,כובשי החרמון
8400,749,הרב מדר זכריה
8400,761,לוי אשכול
8400,6507,פארק המדע
8400,6518,ש אושיות
8400,6527,ש מרמורק
8500,108,החשמונאים
8500,112,היצירה
8500,113,העבודה
8500,122,אדרת
8500,202,תל חי
8500,218,הגדוד העברי
8500,240,ההגנה
8500,251,שטרן יאיר
8500,252,אבא אחימאיר
8500,256,צלח מנשה
8500,263,החשמל
8500,277,נחשול
8500,301,שד הרצל
8500,302,בר אילן
8500,303,חיטמן עוזי
8500,318,הרב קוק
8500,319,פנקס
8500,327,העמל
8500,329,העליה השניה
8500,330,סמולנסקין
8500,331,אגוזי
8500,342,בורוכוב
8500,359,הניצן
8500,364,יוספטל גיורא
8500,403,הלל אברהם
8500,412,שבזי
8500,414,שרת
8500,415,"צה""ל"
8500,416,עמיחי
8500,417,בן צבי יצחק
8500,426,קרן היסוד
8500,427,חטיבת קריתי
8500,432,ההסתדרות
8500,436,לוי אליהו סלם
8500,441,רזיאל דוד
8500,442,סעדה מרדכי
8500,444,טייטלבום
8500,477,הכרמל
8500,479,גלעד
8500,493,אל בוסתן
8500,501,שמשון הגבור
8500,502,ביאליק
8500,503,הרב הרצוג
8500,523,יחזקאל
8500,548,דדון יעקב
8500,613,קהילת דטרויט
8500,701,ז'בוטינסקי
8500,706,סעדיה הגאון
8500,707,שלמה המלך
8500,724,קלוזנר
8500,726,הס
8500,738,עוזי חיטמן
8500,743,לוין חנוך
8500,775,"הרמ""א"
8500,6503,שכ הרכבת
8500,6525,ש נשר
8500,6548,ג'וואריש
8600,102,אנה פרנק
8600,104,יהודית
8600,108,דרך אבא הלל
8600,109,אסף
8600,124,סמדר
8600,146,מבצע קדש
8600,147,דרך ששת הימים
8600,148,קניון אילון
8600,201,סוקולוב
8600,204,הפודים
8600,205,ז'בוטינסקי
8600,208,"רש""י"
8600,212,המבדיל
8600,301,התקוה
8600,304,הדר
8600,305,הגפן
8600,307,רוקח
8600,314,מקדונלד
8600,404,תובל
8600,407,בצלאל
8600,408,גלעד
8600,412,האחים בז'רנו
8600,416,דרך בגין מנחם
8600,417,שוהם
8600,503,הראשונים
8600,506,שפירא
8600,508,המתמיד
8600,510,לאן
8600,518,היצירה
8600,601,ארלוזורוב
8600,604,פרוג שמעון
8600,607,מעלה הצופים
8600,611,סמ הבאר
8600,617,החשמונאים
8600,701,ביאליק
8600,713,שאנן
8600,718,אלכסנדר
8600,719,קריניצי
8600,801,האשל
8600,802,הרצל
8600,806,שרת משה
8600,808,"מבוא יהל""ם"
8600,817,יוסף הגלילי
8600,822,זיסמן שלום
8600,823,מירקין
8600,901,שד התמרים
8600,903,דרך בן גוריון דוד
8600,1002,חיבת ציון
8600,1009,הנעורים
8600,1011,"הרא""ה"
8600,1012,בית הלל
8600,1021,יונה
8600,1025,החץ
8600,1101,יהודה הנשיא
8600,1104,כובשי עזה
8600,1105,ההלכה
8600,1108,אלוף הנצחון
8600,1109,תרצה
8600,1110,גולומב
8600,1115,אמנון ותמר
8600,1117,דרך נגבה
8600,1119,קדמה
8600,1121,רימלט אלימלך
8600,1122,חזון איש
8600,1202,שד ירושלים
8600,1210,ידידיה
8600,1211,מעלה השחר
8600,1218,לביא
8600,1303,בית לחם
8600,1305,הרכסים
8600,1311,יד שלום
8600,1312,אלישיב
8600,1316,אלרואי
8600,1401,עוזיאל
8600,1407,פבריגט
8600,1423,דרך יצחק רבין
8600,1502,פנחס
8600,1505,בן אליעזר אריה
8600,1512,תל חי
8600,1514,חד נס
8600,1517,השר משה
8600,1518,טרומן
8600,1520,"החי""ל"
8600,1548,פרופס
8600,1550,דיין משה
8600,1602,פנקס
8600,1603,גרשום
8600,1604,הירדן
8600,1605,הרבי מריז'ין
8600,1612,ההגנה
8600,1613,"אצ""ל"
8600,1617,ארנון
8600,1618,מנדל מתתיהו
8600,1619,כנרת
8600,1624,עליה ראשונה
8600,1627,אהרונסון שרה
8600,1631,הבילויים
8600,1701,שד בן צבי
8600,1704,אחד העם
8600,1709,עזריאל
8600,1725,מלחי שלמה
8600,1726,ברנשטיין פרץ
8600,1731,קציר
8600,1732,מנדס
8600,1734,"ד""ר אליהו"
8600,1738,עמק האלה
8600,1742,דרך שיבא
8600,1801,אלוף דוד
8600,1803,עודד
8600,1804,בני הנביאים
8600,1805,סן מרטין
8600,1806,רזיאל
8600,1819,גבעתי
8600,1820,המאה ואחד
8600,1831,אלכסנדרוני
8600,1838,אלוף שדה
8600,6585,תל השומר
8700,103,אחוזה
8700,107,מגדל
8700,110,היובל
8700,113,תל חי
8700,120,ההגנה
8700,123,הוז דב
8700,125,בן זכאי
8700,139,בורוכוב
8700,144,עקיבא
8700,146,מכבי
8700,147,רבוצקי
8700,161,החשמונאים
8700,167,אבן עזרא
8700,173,שמואל הנגיד
8700,174,שבזי
8700,178,השחר
8700,184,ירושלים
8700,190,התקוה
8700,204,ויצמן
8700,208,פרדס משותף
8700,209,ברנר
8700,213,קלאוזנר
8700,214,ברנדיס
8700,215,הרצל
8700,216,השרון
8700,220,גורדון
8700,225,קזן
8700,229,אוסטרובסקי
8700,248,החורשה
8700,250,"ביל""ו"
8700,252,בן גוריון
8700,257,פינס
8700,298,הכלנית
8700,304,החרושת
8700,310,קרן היסוד
8700,311,אזור התעשיה
8700,314,גולומב
8700,316,הטייסים
8700,351,המסגר
8700,353,הקישון
8700,358,דולב
8700,359,דפנה
8700,362,התעשיה
8700,363,הסדנא
8700,364,זרחין אלכסנדר
8700,365,היצירה
8700,367,התדהר
8700,368,הנופר
8700,375,הנשיאים
8700,376,השלום
8700,381,הר סיני
8700,382,הגדוד העברי
8700,386,"החי""ל"
8700,403,הנוטרים
8700,404,המעפילים
8700,425,דיין משה
8700,427,ידין יגאל
8700,465,דרך הפארק
8700,513,המיתר
8700,550,הפנינה
9000,101,שד בן גוריון
9000,102,דרך חברון
9000,113,תוצרת הארץ
9000,153,הרב טייב חי
9000,202,אברהם אבינו
9000,203,אליהו הנביא
9000,204,אלעזר בן יאיר
9000,206,בר גיורא
9000,210,דוד המלך
9000,221,יעקב אבינו
9000,222,יצחק אבינו
9000,225,יוספטל גיורא
9000,244,סנהדרין
9000,254,רבי עקיבא
9000,258,רינגלבלום
9000,259,בעל התשובות
9000,263,יהודה הלוי
9000,271,התלמוד
9000,277,דרך מצדה
9000,279,בעלי התוספות
9000,281,הצדיק מירושלים
9000,283,מבצע נחשון
9000,284,מבצע עובדה
9000,285,מבצע יואב
9000,302,מרבד הקסמים
9000,304,העליה
9000,309,דרך שמשון
9000,311,שד יעלים
9000,317,חגלה
9000,324,גמל
9000,331,הצבי
9000,335,סיני
9000,341,שלונסקי
9000,346,בית אל
9000,348,אלפסי
9000,349,הראש
9000,350,"רד""ק"
9000,353,שאול המלך
9000,359,דרך ג'ו אלון
9000,360,שד ירושלים
9000,366,שד טוביהו דוד
9000,372,דוד אלעזר
9000,373,"אצ""ל"
9000,374,דורי יעקב
9000,377,מקלף מרדכי
9000,388,מגידו
9000,395,רחבת מבצע קילשון
9000,402,אינשטיין
9000,404,ביאליק
9000,405,בצלאל
9000,412,טשרניחובסקי
9000,413,מנדלסון
9000,448,דקלה
9000,463,רחבת פל-ים
9000,468,ארן זלמן
9000,472,שד גולדה מאיר
9000,475,אבנר
9000,484,עין גדי
9000,485,שד ידין יגאל
9000,486,בית שאן
9000,488,עבדת
9000,494,רמלה
9000,495,שומרון
9000,498,ששת הימים
9000,504,גולומב
9000,506,גוש עציון
9000,508,השלום
9000,509,וינגייט
9000,517,רוטנברג
9000,520,קלאוזנר
9000,522,חנני חיים
9000,525,הנדיב
9000,531,האורגים
9000,533,נורדאו מקס
9000,550,ניצני עזריאל
9000,565,ברדיצ'בסקי
9000,572,דיין משה
9000,587,ירקוני עמוס
9000,591,סטולר שמואל
9000,606,המעפילים
9000,612,קרן היסוד
9000,616,אלון יגאל
9000,651,רובינא חנה
9000,652,רודנסקי שמואל
9000,701,"שז""ר זלמן"
9000,702,דרך אילת
9000,801,אוסישקין
9000,804,בזל
9000,810,דרך המשחררים
9000,811,שד רגר יצחק
9000,814,ויצמן
9000,818,מונטיפיורי
9000,820,סוקולוב
9000,824,שפירא
9000,826,הרצפלד אברהם
9000,827,לוין שמריהו
9000,829,קרויצר מנחם
9000,830,שיפר יצחק
9000,833,המלאכה
9000,834,בן צבי יצחק
9000,835,הנגרים
9000,837,סולד הנריאטה
9000,838,וולפסון דוד
9000,841,גרשפלד
9000,844,יוסי הבורסקאי
9000,846,יהושע הצורף
9000,847,יצחק נפחא
9000,849,מוריה
9000,866,המשק
9000,870,חנקין
9000,871,אפיקים בנגב
9000,874,ונטורה
9000,877,מרגולין
9000,893,מלל סעדיה
9000,900,"אצ""ג"
9000,904,אפרים
9000,906,בית אשל
9000,914,האבות
9000,917,הדסה
9000,918,ההגנה
9000,919,ההסתדרות
9000,921,החלוץ
9000,923,"הפלמ""ח"
9000,925,הרצל
9000,931,חטיבת הנגב
9000,941,מורדי הגטאות
9000,947,נגבה
9000,950,סמילנסקי
9000,953,העצמאות
9000,956,קרן קיימת לישראל
9000,957,ראובן
9000,964,"רמב""ם"
9000,965,שדה יצחק
9000,966,שלשת בני עין חרוד
9000,969,שמחוני אסף
9000,970,שרה אמנו
9000,971,כפר הדרום
9000,975,פרופ' עלי דיוויס
9000,988,אימבר
9000,994,תבורי חיים
9000,995,שדרת חיל הנדסה
9000,1005,חבצלת הנגב
9000,1013,שטה
9000,1014,שיזף
9000,1016,"הע""ל"
9000,1020,נורית
9000,1035,אסנת
9000,1047,גולי קניה
9000,1054,אביגדור המאירי
9000,1056,"הצ""ח"
9000,1057,הצנחנים
9000,1058,ויטנברג יצחק
9000,1063,חטיבה שמונה
9000,1066,יוהנה ז'בוטינסקי
9000,1067,ייבין יהושע
9000,1070,מאפו אברהם
9000,1076,סקולסקי שלמה
9000,1082,פיכמן יעקב
9000,1083,מקור חיים
9000,1086,פרץ י ל
9000,1089,רוזנבלום הרצל
9000,1096,שמאלי אליעזר
9000,1106,סבידור מנחם
9000,1112,אביטל
9000,1116,אבשלום
9000,1117,אגוז
9000,1120,"אחימאיר אב""א"
9000,1143,דקר
9000,1147,החשמונאים
9000,1150,התיבונים
9000,1163,לוזון אפרים
9000,1180,פיינברג אבשלום
9000,1189,הרב קפאח
9000,1193,רחל אמנו
9000,1220,דרך אביטל אביגדור
9000,1240,המדע
9000,1258,אלישר
9000,1262,אלקלעי יהודה
9000,1270,"שד בנ""צ כרמל"
9000,1276,הר רמון
9000,1288,אורי צבי
9000,1296,המרד
9000,1341,שטרן יוסף
9000,1343,פריבס משה
9000,1346,גרינפלד
9000,1348,עמיצור שמשון
9000,1352,השופטים
9000,1363,גולדמן נחום
9000,1375,הרב גורן שלמה
9000,1376,אגרנט שמעון
9000,1410,שד רוטשילד
9000,1422,ירדן
9000,6009,ככר קפלן
9100,107,ההגנה
9100,121,החמנית
9100,143,דוד בן גאון
9100,145,מסריק
9100,204,טרומפלדור
9100,214,קבוץ גלויות
9100,223,גדוד 21
9100,224,דרך העצמאות
9100,226,הגלעד
9100,228,שד בן צבי
9100,229,הנגב
9100,313,שריר אפרים
9100,321,שד אשכול
9100,322,שפרינצק
9100,325,הזמיר
9100,326,נחליאלי
9100,327,נשר
9100,328,איסי לה מולינו
9100,402,קפלן
9100,404,הרצל
9100,408,סולד
9100,409,לוחמי הגטאות
9100,411,ויצמן
9100,412,שד הגעתון
9100,414,בלפור
9100,417,המיסדים
9100,421,העליה
9100,423,גולומב
9100,441,ישורון
9100,445,קרן היסוד
9100,500,נופר
9100,506,לוטם
9100,513,הדבורנית
9200,101,שד מנחם בגין
9200,105,שאול המלך
9200,109,יהודה הלוי
9200,112,ירושלים הבירה
9200,113,אביטן יהושע
9200,115,אזור תעשיה צפוני
9200,121,השחם
9200,136,בלפור
9200,147,מכלוף יעקב
9200,149,מרקוס
9200,154,שמש יצחק
9200,175,עדולם
9200,181,שדרות הארבעה
9200,225,חטיבת גולני
9200,245,שד יצחק רבין
9300,121,המיסדים
9300,123,הגדעונים
9300,131,דרך היקב
9300,183,דרך שרה
9300,184,דרך אהרן
9300,190,הכובשים
9300,225,שד יצחק רבין
9300,243,העצמאות
9300,283,צופית
9300,284,חוחית
9400,101,ויצמן
9400,102,קפלנסקי
9400,103,מוהליבר
9400,107,סוקניק
9400,112,רמז
9400,116,הרצל
9400,126,דרך העצמאות
9400,131,מקלב אורי
9400,164,בר סימנטוב יעקב
9400,187,שד בגין
9400,189,פרחי הבר
9400,209,החרושת
9400,210,אלטלף אברהם
9400,212,גירון אברהם
9400,3111,"יהלום נ""א"
9400,3113,"שוהם נ""א"
9400,6506,קרית הסביונים
9500,101,התל
9500,114,העצמאות
9500,115,קרן היסוד
9500,116,שבטי ישראל
9500,117,נפתלי
9500,120,"הפלמ""ח"
9500,124,דן
9500,127,שד בן גוריון
9500,129,אילון
9500,142,זינגר
9500,143,סולד
9500,145,שד ירושלים
9500,147,קרן קיימת לישראל
9500,149,שד ויצמן
9500,151,אושה
9500,156,העמקים
9500,160,ההגנה
9500,173,חיים
9500,190,לוי יוסף
9500,208,"שד ח""ן"
9500,216,המסגר
9500,217,חרושת
9500,219,היוצר
9500,221,מולר הנס
9500,229,דרור
9600,111,"שד הפלמ""ח"
9600,123,סולד הנריאטה
9600,139,"צה""ל"
9600,154,שד ביאליק
9600,159,פרץ
9600,161,שד ירושלים
9600,163,הנוטרים
9600,164,ז'בוטינסקי
9600,171,שד ההסתדרות
9600,174,יוספטל
9600,179,סולד רוברט
9600,183,שד בן צבי
9600,184,שרת משה
9600,201,הערבה
9600,202,הגליל
9600,232,גלעד
9600,236,ארזים
9600,237,אילנית
9600,243,גולדה מאיר
9600,284,אירוס
9600,290,אביר יעקב
9600,291,סיגלית
9700,101,דרך רמתים
9700,104,בן גמלא יהושע
9700,108,עין חי
9700,109,הגיבור
9700,110,בן גוריון
9700,111,הבנים
9700,112,משאבים
9700,144,התכלת
9700,152,רעות
9700,158,שלומציון
9700,159,הרקון
9700,160,שמעון הצדיק
9700,185,שרת משה
9700,199,ז'בוטינסקי
9700,200,החרש
9700,252,המחתרות
9700,254,שלום עליכם
9700,280,זמיר
9700,296,שמגר בן ענת
9700,301,דרך מגדיאל
9700,302,ששת הימים
9700,306,יסוד המעלה
9700,307,נצח ישראל
9700,308,חנקין
9700,311,סוקולוב
9700,312,אנצילביץ
9700,313,שמיר
9700,314,אנה פרנק
9700,317,אהבה
9700,344,אסירי ציון
9700,347,נטעים
9700,348,הסרגל
9700,350,הפרחים
9700,365,השחר
9700,377,עלית הנוער
9700,386,החומש
9700,408,שד הנשיאים
9700,409,בן צבי יצחק
9700,411,וייצמן חיים
9800,104,החרצית
9800,120,טיילת שוני
9800,123,דרך העצמאות
9800,150,המורה
9800,151,דרך המסילה
9800,155,"דרך ניל""י"
9800,194,הארז
