ishuv,SEMEL_RECHOV,SHEM_RECHOV
26,101,שוב דוד
26,103,דרך הגליל
26,115,מעלה גיא אוני
28,143,ורד
28,193,שד מוטה גור
29,108,המייסדים
31,101,"הרמב""ם"
31,107,שד הרצל
31,109,קבוץ גלויות
31,112,קדש
31,137,ז'בוטינסקי
31,167,בצלאל
31,175,חזון איש
31,183,חפץ חיים
31,188,בוזגלו דוד
31,194,יהדות דרום אפריקה
31,204,תרשיש
31,211,דרך הטייסים
31,216,תוצרת הארץ
53,112,המיסדים
70,118,הראשונים
70,122,המסחר
70,126,שבי ציון
70,128,רוגוזין
70,132,התאנה
70,144,ההסתדרות
70,145,המעפילים
70,146,יוספטל
70,147,קבוץ גלויות
70,157,"רמב""ם"
70,161,אבן גבירול
70,162,ילין דוד
70,165,שד בני ברית
70,180,יצחק הנשיא
70,181,ז'בוטינסקי
70,189,שד הרצל
70,190,יאיר
70,191,רזיאל דוד
70,196,יהודה המכבי
70,201,בן יוסף שלמה
70,202,שפירא אברהם
70,206,שד סנה משה
70,207,"הפלמ""ח"
70,208,טשרניחובסקי
70,212,מורדי הגטאות
70,213,הנשיא ויצמן
70,217,יהודה הלוי
70,220,"אדמו""ר מפיטסבורג"
70,222,חטיבת גולני
70,227,"אח""י אילת"
70,228,גשר עד הלום
70,229,שד עוזיהו
70,230,סנש חנה
70,232,גור דב
70,240,אבן עזרא
70,247,בן אליעזר אריה
70,248,ארן זלמן
70,254,האלמוגים
70,256,דיין משה
70,257,שפירא משה חיים
70,258,קרן היסוד
70,260,מילמן
70,262,המפרש
70,266,רבי עקיבא
70,273,הנחושת
70,274,העבודה
70,278,ביאליק
70,279,ארלוזורוב
70,285,בוסקילה יצחק
70,302,שד ירושלים
70,303,הרותם
70,307,שד הפרחים
70,308,כפתור החולות
70,309,הכלנית
70,310,מבוא הדמומית
70,325,הטיילת
70,331,הגדוד העברי
70,335,שד אלטלנה
70,340,בן עמי עובד
70,345,הרפואה
70,369,תמוז
70,377,שבט לוי
70,386,שבט בנימין
70,391,כוכב השחר
70,403,נחל דן
70,404,קדרון
70,405,נעמן
70,406,כנרת
70,407,קישון
70,408,ירקון
70,409,אילון
70,412,הרי גולן
70,415,מצדה
70,416,הר הצופים
70,421,הר תבור
70,428,הר כנען
70,429,שומרון
70,432,השייטים
70,480,דרך לסקוב
70,481,דרך תל מור
70,488,הנפט
70,492,הבטיחות
70,493,החניכים
70,498,היזמה
70,499,המדע
70,500,הבנאים
70,501,האורגים
70,504,בעלי מלאכה
70,506,הקדמה
70,507,הבושם
70,508,האומן
70,554,רבנו גרשום
70,562,"שדרות רש""י"
70,575,שדרות ראשון לציון
70,580,דרך בגין מנחם
70,583,ראש פינה
70,586,"הרי""ם לוין"
70,596,משנה
70,597,שד בן גוריון
70,603,אסתר המלכה
70,622,רבין יצחק
70,678,שד תל חי
70,679,שד רוטשילד
70,683,אחימאיר אבא
70,701,שד המיסדים
70,702,"קק""ל"
70,704,הנביאים
70,715,פורצי הדרך
70,740,ספיר
70,745,ברקת
70,746,פנינה
70,750,שמעון בן שטח
70,758,יוחנן בן זכאי
70,759,"רשב""י"
70,762,רבי יהודה הנשיא
70,766,שמאי
70,789,סיטרין
70,801,המלך דוד
70,802,המלך שלמה
70,807,המלך יהושפט
70,812,המלך רחבעם
70,814,המלך יותם
70,817,המלך שאול
70,851,החלוצים
70,852,העצמאות
70,854,התקומה
70,855,התקוה
70,856,הציונות
70,863,מבוא הקריה
70,6001,כהן אלי ככר
70,6552,חוף הקשתות
70,6560,נמל אשדוד
78,9000,קרית ענבים
98,111,עין חי
99,110,שד בן גוריון
122,158,הצפצפה
122,159,אקליפטוס
128,101,אילנות
154,115,הדקל
154,117,השקד
154,118,האלון
154,119,התאנה
154,211,דרך הראשונים
154,235,הלימון
154,240,דרך הלורד
155,9000,באר טוביה
159,9000,בית חנן
166,116,העצמאות
166,126,הרצל
166,127,"אצ""ל"
166,130,השופטים
166,146,יבנאי יוסף
166,171,אלתרמן נתן
166,261,דרך ירושלים
166,280,הבר
166,282,עגנון
166,283,בגין מנחם
166,362,חשמונאים
168,109,עולי הגרדום
168,112,שד מנחם בגין
168,175,שד רבין
168,201,"אח""י אילת"
168,212,המייסדים
168,216,הרצל
168,217,שרת
175,102,הגדוד העברי
175,110,בן צבי
182,114,העצמאות
182,132,המיסדים
182,136,המתמיד
182,176,ההרדופים
182,210,ברקן
187,101,ההדרים
190,124,דרך הכפר
190,125,דרך הבאר
190,127,המחלבה
195,105,"מ""ג"
195,106,"הפלמ""ח"
195,108,ההסתדרות
195,111,הרצל
195,124,הרצוג
195,128,שד בן צבי
195,130,כהן אלי
195,137,הורדים
195,167,שד הדקל
195,268,הר נבו
195,278,הזרם
195,279,המעלית
198,101,האילנות
229,116,העמקים
229,120,הרי יהודה
229,123,סמ השרון
229,135,הרמה
229,160,דרך המלך
229,170,הגליל
229,173,סמ עמק יזרעאל
240,126,מרגנית
240,154,האלונים
240,155,צאלים
240,160,התמר
240,210,שד יצחק רבין
240,224,יער אודם
240,225,החרמון
240,234,ירדן
240,239,דליות
240,258,שדרות היובל
241,101,אגרא
246,104,"הרשב""י"
246,109,הרב בר אילן
246,112,ירושלים
246,115,שבטי ישראל
246,130,מסעוד אלפסי
246,132,ברית כהונה
246,145,בית וגן
246,155,שד ויצמן
246,176,בעלי מלאכה
246,179,הצורף
246,181,"ד""ר סמלו יוסף"
246,194,יובל
246,237,אור לציון
246,239,נחלת שלמה
246,269,חטיבת הראל
246,270,אחד עשר הנקודות
267,101,החורש
267,102,המעפילים
267,103,נורדאו
267,106,דרך השדות
308,9000,מחניים
315,9000,נגבה
373,9000,בית הלוי
386,102,אודם
417,9000,יקום
449,101,ירדן
466,102,כצנלסון
466,109,טרומפלדור
466,130,בגין מנחם
469,108,שבזי
469,112,הבנים
469,120,שד יצחק רבין
469,126,אלי כהן
469,131,דרך ירושלים
469,135,הרצל
469,147,יורדי הסירה
469,215,חסן מלך מרוקו השנ
469,216,בוסי סנט ג'ורג'
469,6501,"ביל""ו סנטר"
472,101,דרך השלום
472,115,השדות
472,131,עבדאל רחמן
472,149,האלה
478,9000,אכסאל
492,9000,דייר חנא
494,134,רח 2
494,141,סמ 2
494,6755,אזור כביש עוקף
499,120,רח 120
499,300,רח 300
499,301,רח 301
499,6750,מראח אלע'זלאן
502,9000,ירכא
534,165,שד אבא חושי
534,6715,שכונה מזרחית
542,9000,ריינה
565,101,הרצל
565,110,כצנלסון
565,111,אחד העם
565,112,קפלן
565,118,יצחק שדה
565,134,דרך השבעה
565,135,שרת משה
565,149,הרצוג
565,150,אלי כהן
565,152,עורקבי צדוק
565,162,המצודה
565,163,השקמה
587,103,השקמה
587,104,התיכון
587,109,הר דפנה
587,126,סמדר
587,127,התומר
587,128,השחר
587,129,הגדרות
587,133,האתרוג
587,3103,"הורדים ג""י"
587,3104,"הזית ג""י"
609,9000,כפר חושן
615,102,הרימון
615,105,הגפן
634,101,א-סולטאני
654,6741,חל'ת שלח
666,113,אורן
666,117,הדר
666,139,ארז
681,103,יהודה הלוי
681,111,גוש עציון
681,127,ז'בוטינסקי
681,134,"רמב""ם"
681,144,מבצע קדש
681,147,רחבעם זאבי)גנדי(
681,148,קרן היסוד
681,161,הציונות
681,162,בן גוריון
681,220,בגין מנחם
681,222,אורי צבי גרינברג
681,226,יוני נתניהו
760,111,הרימון
764,101,הפרדס
764,106,הלילך
767,102,שבטי ישראל
772,105,השקד
812,104,הרב עוזיאל
812,111,אזור התעשיה
853,101,אלון
853,102,צאלון
874,111,דרך חטיבת גולני
874,120,דרך העמק
874,124,דרך העצמאות
874,126,הראשונים
874,131,זבולון
874,134,שלום עליכם
874,142,הזית
874,157,הניצנים
874,196,שד המדע
874,206,התקשורת
874,241,שד הבנים
874,6502,רמת יזרעאל
922,127,הרקפות
922,148,חרוב
975,103,גריפאת
975,9000,זרזיר
1015,110,שבע אחיות
1015,112,מצפה הבירה
1015,121,מעלה הקסטל
1015,126,החוצבים
1015,142,יסמין
1015,154,הראל
1015,155,שבי ציון
1015,163,השלום
1015,189,היצירה
1015,253,הרב ניסים יצחק
1015,273,תבור
1015,274,ארבל
1015,323,שד החושן
1015,325,אופיר
1015,333,ישפה
1020,101,הרצל
1020,102,ביאליק
1020,103,רוטשילד
1020,105,שד הנשיא וייצמן
1020,123,שפירא אברהם
1020,124,קופלוביץ
1020,129,יאנסן עליזה
1020,135,אלעזר דוד
1020,161,התאנה
1020,165,הרימון
1020,180,שד שידלובסקי
1020,181,האילן
1020,182,הזית
1020,186,ההדס
1020,215,שד ירושלים
1020,221,שבזי
1020,6506,ש קנדי
1031,108,מבצע סיני
1031,129,יוספטל
1031,155,"הפלמ""ח"
1031,158,הרצל
1031,160,בן יהודה
1031,165,אלון יגאל
1031,189,הרצוג
1031,190,ירושלים
1031,235,שד בגין מנחם
1031,255,אהבת ישראל
1031,258,בר-לב חיים
1031,275,המעפילים
1031,280,המכבים
1031,299,מקווה ישראל
1031,337,דרך הרב שלום איפר
1034,103,שד בן גוריון
1034,104,ויצמן
1034,109,הנגב
1034,117,הרב ניסים יצחק
1034,129,בר יהודה
1034,139,ז'בוטינסקי
1034,145,"רש""י"
1034,182,החרושת
1034,186,חלוצי התעשיה
1034,187,פקר
1034,216,מלמיסון ריאל
1034,6507,ש בן גוריון
1034,6512,ש וייצמן
1054,108,שכ 38
1054,118,שכ 1
1054,9000,תל שבע
1061,101,גולן
1061,106,יודפת
1061,109,תבור
1061,110,גלבוע
1061,114,כרמל
1061,117,נוף תבור
1061,124,דרך קרית הממשלה
1061,125,קישון
1061,135,הפסגות
1061,144,חרוד
1061,145,דרך העמק
1061,146,החצב
1061,150,תירוש
1061,158,דרך הציונות
1061,159,מעלה יצחק
1061,161,דרך החטיבות
1061,181,סביון
1061,202,השושנים
1061,203,החבצלת
1061,269,המעיין
1061,307,היוצר
1061,313,כרכום
1061,315,דליה
1061,6513,שכ הר יונה
1063,112,בן גוריון
1063,141,"מ""ג המעפילים"
1063,213,שד ירושלים
1063,230,החשמונאים
1113,140,שד הרי יהודה
1139,105,"צה""ל"
1139,106,העמק
1139,117,החרושת
1139,118,המלאכה
1139,121,המסגר
1139,123,קרן היסוד
1139,124,אילנות
1139,135,הנפח
1139,140,מורד הגיא
1139,141,איריס
1139,147,השושנים
1139,152,מעלה כמון
1139,160,החבצלת
1139,161,הפרחים
1139,162,אלה
1139,172,הפסגה
1139,174,שד נשיאי ישראל
1139,186,נחליאלי
1139,188,שד השלום
1139,209,בירנית
1139,211,מעלה אורט
1139,261,אסיף
1139,277,שביל תשרי
1139,285,שדמה
1139,294,שד בית הכרם
1139,302,מתכת
1139,315,נחושת
1139,316,דרך התעשייה
1139,353,הפלמח
1139,359,ההגנה
1161,112,שכ 20
1161,6701,אל סלאח
1161,6730,אבו עוביידה
1161,6736,אל בדר
1167,125,הדר
1167,147,תרשיש
1167,186,שד רוטשילד
1167,203,הרדוף הנחלים
1167,205,השיטה
1200,100,עמק דותן
1200,105,כליל החורש
1200,107,אלמוגן
1200,112,לבונה
1200,120,עמק יזרעאל
1200,124,נחל געתון
1200,137,דרך פרופ' פרג יאי
1200,140,עמק החולה
1200,144,נחל צין
1200,157,נחל נעמן
1200,160,עמק איילון
1200,173,תלתן
1200,176,דם המכבים
1200,182,צאלון
1200,184,שיר השירים
1200,208,נחל ענבה
1200,303,שדרות החשמונאים
1200,305,שד יצחק רבין
1200,315,יהודה המכבי
1200,330,לב העיר
1200,401,אליהו הנביא
1200,402,אלישע הנביא
1200,404,הנביאים
1200,410,חטיבה שבע
1200,441,עמק בית שאן
1200,442,עמק האלה
1200,443,עמק זבולון
1200,451,"רא""ל חיים ברלב"
1200,453,"רא""ל יגאל ידין"
1200,454,"רא""ל יעקב דורי"
1200,457,"רא""ל משה דיין"
1200,602,יהודה
1200,617,אפרים
1200,621,אסתר המלכה
1200,630,עמק הארזים
1200,700,אבני החושן
1200,701,יהלום
1200,706,ענבר
1200,708,לשם
1200,712,תכלת
1200,1501,שד המלאכות
1200,1506,האופה
1200,1515,הקדר
1200,3172,"שדרת המכבים מ""ר"
1224,3128,"הרכסים צ""י"
1224,3135,"האילנות צ""י"
1263,116,אשכר
1263,126,דרך ההר
1268,101,דרך יתיר
1268,112,בשמת
1268,114,שבטה
1274,103,לילך
1274,105,האלה
1284,101,הגליל
1286,9000,שגב-שלום
1292,101,ג'דיידה
1292,201,מכר
1304,151,חרמון
1304,175,מודיעים
1304,195,שד עמק איילון
1309,104,"הרא""ש"
1309,105,רבי יהודה נשיא
1309,108,רבי חייא
1309,111,רבן יוחנן בן זכאי
1309,123,אבטליון
1309,201,רבי מאיר
1309,202,רבי פנחס בן יאיר
1309,203,רבי יונתן בן עוזי
1309,206,"רשב""י"
1309,207,"רמב""ן"
1309,208,"רש""י"
1309,210,בעלי התוספות
1309,216,שמעון בן שטח
1309,220,אבן גבירול
1309,221,רבי יהושע
1319,129,שד עמק חפר
1326,101,ברטעה
1326,301,מועאוויה
1327,101,זלפה
1327,401,סאלם
1748,101,שד התעופה
2012,102,החרוב
2034,104,דרך הבנים
2034,6509,רובע מרכז
2060,9000,ברוש
2100,113,"אצ""ל"
2100,116,הכלניות
2100,205,כרמלים
2100,434,הרצל
2100,438,שרת משה
2100,439,ז'בוטינסקי
2100,450,ויצמן
2100,454,גיורא
2200,107,שד גולדה מאיר
2200,111,שד יגאל אלון
2200,118,בבא סאלי
2200,146,הרצל
2200,161,מתתיהו הכהן
2200,165,כובשי אילת
2200,176,העצמאות
2200,177,המעפיל
2200,181,המלך דוד
2200,187,שד בן גוריון
2200,190,מרחבים
2200,201,מילרוד אליעזר
2200,275,שד הנשיא
2200,303,רזיאל דוד
2200,308,נצרים
2200,408,גמלא
2200,420,הרודיון
2200,422,ירושלים
2200,6530,שכ נביאי ישראל
2300,101,השקדים
2300,117,אלונים
2300,129,המגדל
2300,131,קרן קיימת
2300,135,המזרח
2300,141,זייד אלכסנדר
2300,173,ויצמן
2300,175,אזור תעשיה
2400,104,העצמאות
2400,105,דגניה
2400,106,אלעזר דוד
2400,109,חטיבת אלכסנדרוני
2400,111,הכלנית
2400,112,אדם יקותיאל
2400,114,החצב
2400,116,הסייפן
2400,133,החבצלת
2400,151,ניצן
2400,152,צפריר
2400,202,יהדות קנדה
2400,205,ההגנה
2400,208,שפרינצק
2400,212,שרת משה
2400,213,נתניהו יהונתן
2400,223,החרושת
2400,231,שד אלון יגאל
2400,240,שד בן גוריון
2400,243,בר לב חיים
2400,270,סעדון אליהו
2400,308,קזז יחזקאל
2400,324,הרב כמוס עגיב
2400,336,הפלדה
2400,338,היוצרים
2400,340,הסדנא
2500,123,פרץ אברהם
2500,129,עמוס
2500,136,הרב בר מוחא מרדכי
2500,138,משה
2500,142,אשכולות
2500,173,דרך בר יהודה
2500,181,דרך הטכניון
2500,185,דרך השלום
2500,188,"צה""ל"
2500,198,חבצלת
2500,202,הזית
2500,203,יסמין
2500,251,המסילה
2500,252,היצירה
2500,253,התעשיה
2500,255,המלאכה
2500,257,השיש
2530,107,מאיר בעל הנס
2530,114,נחום
2530,132,בן יוסף שלמה
2530,143,איילה
2530,166,קרן היסוד
2530,169,שד האלונים
2550,101,לילינבלום
2550,108,פינס
2550,113,ויצמן
2550,114,דן
2550,122,כצנלסון
2550,127,הרצל
2550,134,הבילוים
2550,142,חזית הדרום
2550,181,דרך ארץ
2550,184,הרצפלד
2550,201,שד בן גוריון
2550,210,היקב
2550,233,אלשייך פינק
2550,237,שד בגין מנחם
2550,261,שד רבין יצחק
2560,122,הקנאים
2560,201,יהודה
2560,202,בן יאיר אלעזר
2560,418,סלעית
2560,420,עפרוני
2600,103,ברנע
2600,105,אילות
2600,106,רודד
2600,109,חטיבת הנגב
2600,115,דרך הערבה
2600,116,השחם
2600,117,שד יעלים
2600,121,שד התמרים
2600,122,סמ הנחושת
2600,123,חטיבת גולני
2600,125,המלחה
2600,134,שור
2600,135,סיני
2600,139,לוס אנג'לס
2600,147,דרך יותם
2600,167,שחורת
2600,168,שד ארגמן
2600,177,שד ששת הימים
2600,246,קאמן
2600,247,סמ שפיפון
2600,249,קאמפן
2600,254,העפרוני
2600,255,דרך מצריים
2600,262,אריקה
2600,269,נביעות
2600,308,הברדלס
2600,309,הסתת
2600,321,המסגר
2600,328,התבונה
2600,332,המלאכה
2600,346,סתונית
2600,347,האירוס
2600,365,הסוללים
2600,367,השרטט
2600,372,הספורטאים
2600,375,מלכת שבא
2600,423,טופז
2600,464,הסיגלית
2600,467,זהרון
2600,544,תרשיש
2600,560,נוף מדבר
2600,572,דרך הרים
2600,575,החשמונאים
2600,608,משעול האגס
2600,635,דרך הגיא
2600,691,שופרון
2600,721,כרמל
2610,101,הרצל
2610,103,ז'בוטינסקי
2610,105,העליה
2610,113,הנשיא
2610,121,המעפילים
2610,140,"הרמב""ם"
2610,144,השבעה
2610,145,בן צבי
2610,148,אלון יגאל
2610,153,מורדי הגיטאות
2610,164,הרקפת
2610,169,הנרקיס
2610,174,הארזים
2610,180,יהודה המכבי
2610,200,שד בן גוריון
2610,202,בן אליעזר
2610,205,"רש""י"
2610,212,חזון איש
2610,216,הרב הרצוג
2610,230,מעפילי אגוז
2610,234,ראובן
2610,242,אשכול לוי
2610,246,התבור
2610,247,דרך רבין יצחק
2610,252,בן זאב יהודה
2610,254,בן גוריון פולה
2610,301,היצירה
2610,400,נחל דולב
2610,410,נהר הירדן
2610,422,נחל שורק
2610,433,נחל זוהר
2610,434,נחל חבר
2610,466,"רשב""י"
2610,492,שד נחל צאלים
2620,103,הרצל
2620,120,הנשיא
2620,127,וולך
2620,138,יהודה הלוי
2620,148,ירושלים
2620,168,שלמה המלך
2620,180,סנש
2620,199,יחזקאל
2620,210,אשכול לוי
2620,216,המעגל
2620,219,התאנה
2620,220,התמר
2620,225,"צה""ל"
2620,229,חטיבת אלכסנדרוני
2620,236,קורצ'ק
2620,241,שטרן יאיר
2620,249,שד בן גוריון
2620,251,הרוגי מלכות בבל
2620,259,אלון יגאל
2620,283,שד קציר אהרון
2620,290,רבין יצחק
2620,295,דרך איתן
2620,301,דרך דורי יעקב
2620,303,הרצוג חיים
2620,310,הפרדס
2620,312,לוין
2630,102,יהודה
2630,112,שד לכיש
2630,113,שד גת
2630,124,מבוא התבור
2630,125,שד העצמאות
2630,130,הרמון
2630,139,הזית
2630,147,דרך הדרום
2630,149,הגפן
2630,160,הכרמל
2630,168,שד פולק ישראל
2630,174,שבטי ישראל
2630,180,דרך החרושת
2630,205,שומרון
2630,280,שד השופטים
2630,281,דוד המלך
2630,285,שד מלכי ישראל
2630,322,אסא
2630,323,חזקיהו
2630,330,אדוריים
2630,342,פרת
2630,345,גאון הירדן
2630,411,אבץ
2630,433,שד אגוז
2630,441,"שד צה""ל"
2630,442,הגבורה
2630,445,"גדנ""ע"
2630,454,מבצע נחשון
2630,462,גבעתי
2630,494,צורן
2630,501,אורון
2630,6508,רובע מלכי
2640,106,"הרש""ש"
2640,111,בן נון יהושע
2640,114,"צה""ל"
2640,119,הנביאים
2640,123,"רש""י"
2640,125,יהודה הלוי
2640,126,חזון איש
2640,132,העצמאות
2640,135,מרבד הקסמים
2640,136,החשמונאים
2640,142,שבזי
2640,149,דקר
2640,164,שלמה המלך
2640,165,הרצל
2640,166,שיר השירים
2640,173,המרץ
2640,174,היצירה
2640,175,העבודה
2640,178,"הגר""א"
2640,179,וולפסון
2640,180,חותמי המגילה
2640,203,עמוסי מנחם
2640,206,החמישה
2640,250,דרך הציונות
2640,327,דן
2640,355,כרמל
2640,410,ז'בוטינסקי זאב
2640,415,דיין משה
2640,416,נחל רבה
2640,417,קבוץ גלויות
2640,420,דרך בגין מנחם
2640,526,פולג
2640,529,ברק
2640,547,נווה אפיקים
2640,551,כינור
2640,554,בזק
2640,561,הא באייר
2650,111,הנביאים
2650,120,בית הלל
2650,132,שבטי ישראל
2650,135,הרב ריינס
2650,136,המלכים
2650,137,בית השואבה
2650,152,התאנה
2650,155,טרומפלדור
2650,201,דותן דודו
2650,206,שד ויצמן
2650,208,מוריה
2650,209,סוקולוב
2650,211,זרובבל
2650,213,למרחב
2650,214,בוסתנאי
2650,215,הכרמל
2650,218,האלוף מאיר עמית
2650,221,אוסישקין
2650,222,סולד
2650,224,הרב אורבוך
2650,225,שד ביאליק
2650,236,"אז""ר"
2650,239,יבנה
2650,248,"הפלמ""ח"
2650,253,הקוצר
2650,287,גולומב
2650,326,"תרפ""ד"
2650,356,בנימיני צבי
2650,364,ירדן
2650,368,ברק
2650,378,השופטים
2650,390,בועז
2650,456,הטבק
2650,504,רב מכר
2650,505,שד יריב אהרון
2650,6533,שכ הכפר הירוק
2660,110,קדושי קהיר
2660,125,המיסב
2660,137,עדעד
2660,145,הנגב
2660,153,מוריה
2660,155,הכרמל
2660,158,שד דואני
2660,160,הגלבוע
2660,162,הנשיאים
2660,163,חלמונית
2660,172,העצמאות
2660,179,הראשונים
2660,180,דרך חג'ג' אהרון
2660,184,הדרור
2660,185,חרמון
2660,188,הנשר
2660,190,הירדן
2660,191,הקישון
2660,193,הירמוך
2660,200,שד הסנהדרין
2660,211,האלון
2660,219,ז'בוטינסקי
2660,220,אגוז
2660,225,נורית
2660,229,חרוב
2660,274,שד ירושלים
2660,353,הירקון
2660,361,נחל חריף
2660,363,נחל פולג
2710,6722,מרכז אגבריה ומחג
2720,110,טארק עבד אל-חי
2730,9000,טייבה
2800,114,המכבים
2800,201,ארלוזורוב
2800,202,יהודה הלוי
2800,203,טשרניחובסקי
2800,208,הרצל
2800,209,מלחמת ששת הימים
2800,224,סיני
2800,225,ברזילי ישראל
2800,308,"רש""י"
2800,309,ביאליק
2800,312,הירדן
2800,315,אזור תעשיה צפון
2800,405,סולד
2800,409,עלית הנוער
2800,410,שד תל חי
3000,101,יחזקאל
3000,103,פישל אהרן
3000,108,אג ספורט אליצור
3000,116,שמואל הנביא
3000,121,רבנו גרשום
3000,122,מוסיוף שלמה
3000,124,אדניהו הכהן
3000,125,רחובות הבוכרים
3000,126,עזרא
3000,127,ישא ברכה
3000,161,שערי שמיים
3000,202,אבינדב
3000,232,אהלי יוסף
3000,235,שמעון הצדיק
3000,236,ארץ חפץ
3000,237,פתוחי חותם
3000,238,עץ הדר
3000,239,זקס משה
3000,248,חטיבת הראל
3000,249,בר כוכבא
3000,301,בר אילן
3000,305,מלכי ישראל
3000,311,עמוס
3000,314,עלי הכהן
3000,321,תחכמוני
3000,328,"רש""י"
3000,336,הטורים
3000,337,הזית
3000,340,שרי ישראל
3000,348,הנביאים
3000,349,ישעיהו
3000,350,שטראוס
3000,373,לבוש מרדכי
3000,376,ילין דוד
3000,389,אבן האזל
3000,390,עזרת תורה
3000,393,הרב גרוסברג חנוך
3000,398,שפע חיים
3000,403,בני ברית
3000,405,מונבז
3000,409,כורש
3000,421,הרב קוק
3000,422,אביגדורי
3000,423,פראג יצחק
3000,426,בן יהודה
3000,427,שמואל הנגיד
3000,429,המלך ג'ורג'
3000,431,עליאש
3000,436,שמאי
3000,448,המעלות
3000,450,שלומציון
3000,452,הגדם
3000,459,בן ישראל מנשה
3000,464,אבל פן
3000,501,שבטי ישראל
3000,513,שלמה המלך
3000,514,קריב יצחק
3000,525,הצנחנים
3000,612,יפו
3000,613,אגריפס
3000,628,הערמונים
3000,632,שבת צדק
3000,643,בצלאל
3000,652,אבן ספיר
3000,707,צפת
3000,708,צפורי
3000,714,אוסישקין
3000,733,שד בן צבי יצחק
3000,802,"רשב""א"
3000,806,אבן עזרא
3000,807,שד בן מימון
3000,808,עזה
3000,809,"רמב""ן"
3000,813,ארלוזורוב
3000,814,"רד""ק"
3000,826,"חרל""פ"
3000,836,הרב חן
3000,891,בקי
3000,895,בית הדפוס
3000,907,שמגר
3000,908,תובל
3000,916,הצבי
3000,921,תורה מציון
3000,929,אזולאי עקיבא
3000,930,נג'ארה
3000,937,ירמיהו
3000,939,אהליאב
3000,941,שד בן גוריון
3000,947,חפצדי נחום
3000,952,סורוצקין
3000,959,נורדאו
3000,968,לורך נתנאל
3000,970,"שד שז""ר"
3000,995,כנפי נשרים
3000,998,שד הזז חיים
3000,1004,קרית משה
3000,1017,החלוץ
3000,1021,שד הרצל
3000,1022,הלוי אליעזר
3000,1023,פרבשטיין
3000,1024,הרב צבי יהודה
3000,1040,איש שלום מרדכי
3000,1050,פרחי חן
3000,1051,יפה נוף
3000,1056,הפסגה
3000,1057,ברויאר יצחק
3000,1058,בית וגן
3000,1059,הרב עוזיאל
3000,1064,הרב פרנק
3000,1070,הרב טייב חי
3000,1077,שד ויצמן
3000,1085,קול משה
3000,1091,ברגמן אליעזר
3000,1092,דגל ראובן
3000,1093,אביזוהר
3000,1096,שחראי
3000,1101,דרך רופין
3000,1105,דרך בגין
3000,1106,דרך רבין
3000,1108,קפלן
3000,1109,וייז שמואל
3000,1116,בורלא יהודה
3000,1121,בייט שמואל
3000,1126,נזר דוד
3000,1127,שניאור
3000,1128,דרך וולפסון דוד
3000,1130,ייבין יהושע
3000,1134,שדרת המוזיאונים
3000,1137,אבי יונה מיכאל
3000,1140,מעלות צבי לצדיק
3000,1143,אז תעשיה גב שאול
3000,1150,הרב רוזנטל דוד
3000,1151,מנחם מנדל משקלוב
3000,1155,הרב קצנלבוגן רפאל
3000,1160,הקבלן
3000,1172,הנשיא השישי
3000,1201,תוסיה כהן
3000,1207,הנטקה
3000,1215,סולד הנריטה
3000,1217,ורבורג
3000,1218,דרך כרמית
3000,1219,רבינוביץ אהרון
3000,1224,טהון
3000,1227,צ'ילה
3000,1231,אורוגואי
3000,1240,כביש הדסה
3000,1241,גואטמאלה
3000,1246,וולטה העלית
3000,1250,מכסיקו
3000,1252,דרך קוליץ
3000,1256,החלמית
3000,1257,הסיפן
3000,1260,הסביון
3000,1266,דהומיי
3000,1268,ברזיל
3000,1270,הרפוב הדומיניקנית
3000,1281,חכם אברהם
3000,1285,איסלנד
3000,1301,השומר
3000,1304,ברגר
3000,1307,גולומב
3000,1308,פת יעקב
3000,1315,בן גמליאל
3000,1318,אליעזר הגדול
3000,1321,יוחנן בן זכאי
3000,1323,אלעזר המודעי
3000,1334,הורקניה
3000,1337,יהודה הנשיא
3000,1346,דרך מודעי יצחק
3000,1347,ברל לוקר
3000,1349,סן מרטין
3000,1352,האייל
3000,1354,הכפיר
3000,1359,ברנשטיין פרץ
3000,1361,בר יוחאי
3000,1362,דרך בנבנישתי דוד
3000,1364,קובובי
3000,1366,מעגלי יבנה
3000,1368,שד שרת משה
3000,1389,"שד ש""י עגנון"
3000,1391,הרב שרים יוסף
3000,1401,עין כרם
3000,1402,"שח""ל"
3000,1405,טשרניחובסקי
3000,1409,דרך שולוב אהרון
3000,1422,הרב הרצוג
3000,1432,בן דב יעקב
3000,1435,שד דב יוסף
3000,1451,"אגודת ספורט בית""ר"
3000,1452,אגודת ספורט הפועל
3000,1453,איילון דוד
3000,1455,אגודת ספורט מכבי
3000,1461,קניון מלחה
3000,1505,דישראלי
3000,1507,אלקלעי
3000,1508,קרן היסוד
3000,1509,שלום עליכם
3000,1520,יצחק אלחנן
3000,1522,אגרון
3000,1524,הס משה
3000,1526,ושינגטון
3000,1527,מאפו
3000,1528,דוד המלך
3000,1621,רחל אמנו
3000,1629,דובנוב
3000,1630,"הפלמ""ח"
3000,1631,יהושע בן נון
3000,1634,עוזיה
3000,1636,עמק רפאים
3000,1659,כרמיה
3000,1667,קליין
3000,1714,דרך חברון
3000,1731,אלבק חנוך
3000,1736,עין גדי
3000,1737,"בית""ר"
3000,1738,קורא הדורות
3000,1740,לייב יפה
3000,1744,וינר אשר
3000,1747,קלוזנר יוסף
3000,1750,בית הערבה
3000,1753,דרך בית לחם
3000,1757,יהודה
3000,1760,מרים החשמונאית
3000,1767,הרכבת
3000,1785,גד
3000,1786,רבקה
3000,1787,גנרל קניג פייר
3000,1790,אסתר המלכה
3000,1794,מקור חיים
3000,1795,צרת
3000,1797,הרכבים
3000,1833,חטיבת ירושלים
3000,1836,הסדנא
3000,1839,האומן
3000,1843,פועלי צדק
3000,1847,התנופה
3000,1864,דרך משה ברעם
3000,1865,טיילת גבריאל
3000,1868,רמז דוד
3000,1877,לנקין אליהו
3000,1883,יצחק בן דור
3000,1886,שד מאיר שמואל
3000,1887,הרב ניסים יצחק
3000,1890,אביגור שאול
3000,1891,ליכטנשטיין
3000,1896,ורשבסקי אריה
3000,1897,אליהו קורן
3000,2004,קוסטה ריקה
3000,2012,זנגויל
3000,2052,שד גבעת משה
3000,3001,שד נוה יעקב
3000,3002,אבא אחימאיר
3000,3007,סנה משה
3000,3010,ויקטור ויוליוס
3000,3014,הרב זווין
3000,3020,מזר בנימין
3000,3950,דרך צור באהר
3000,4100,צלאח אל דין
3000,4101,שעפט
3000,4102,מחנה פליטים שעפט
3000,4106,בית חנינה החדשה
3000,4109,ב חנינה קלנדיה
3000,4113,דרך בר-לב
3000,4121,עיסוויה
3000,4128,דרך רמאללה
3000,4129,ואדי אל ג'וז
3000,4135,דרך חזמה
3000,4138,א טור
3000,4146,דרך יריחו
3000,4150,א שייאח
3000,4162,דרך שכם
3000,4172,שדה תעופה עטרות
3000,4177,דרך הר הזיתים
3000,4181,לבונה
3000,4201,בית צפפה
3000,4221,אום טובא
3000,4223,ג'בל מוכבר
3000,4245,דיר אבו טור
3000,4251,סילוואן
3000,4254,ראס אל עמוד
3000,4271,אל מקדסי
3000,4275,סולטן סולימאן
3000,4276,שד לוי אשכול
3000,4278,משמר הגבול
3000,4279,ים סוף
3000,4281,בן עדיה שמואל
3000,4282,מדבר סיני
3000,4283,ששת הימים
3000,4285,איחוד הכפר
3000,4287,שרגאי זלמן
3000,4306,פארן
3000,4315,"אצ""ל"
3000,4316,ההגנה
3000,4317,נטר
3000,4325,עולי הגרדום
3000,4326,חביב אבשלום
3000,4335,רזיאל דוד
3000,4339,דרך העופל
3000,4340,שד צ'רצ'יל
3000,4342,מעגלות הרב פרדס
3000,4352,יצחק הנדיב
3000,4358,א סאפא
3000,4360,קציר אהרון
3000,4366,א רחמה
3000,4374,"על""ר"
3000,4384,אל שיפא
3000,4388,מעמל אל תלג'
3000,4392,שד שיירת הר הצופי
3000,4393,שד האוניברסיטה
3000,4394,הכביש להר חומה
3000,4416,כביש מס' 60
3000,4430,הרואה
3000,4431,שיבת ציון
3000,4432,סולם יעקב
3000,4437,מעלות כיסופים
3000,4450,מורגנטאו הנרי
3000,4452,שד גולדה מאיר
3000,4453,סיון שלום
3000,4454,אסירי ציון
3000,4459,יגאל
3000,4461,בן זאב ישראל
3000,4464,הקונגרס הציוני
3000,4467,קדימה
3000,4469,הרב שבתאי חזקיה
3000,4481,שדרת רמות
3000,4482,מירסקי יצחק
3000,4500,שנברג יוסף
3000,4512,מעלה השלום
3000,4534,עטרות
3000,4539,הגננת
3000,4543,יפה רום
3000,4544,מרגלית
3000,4550,הרוסמרין
3000,4555,תרשיש
3000,4556,החסידה
3000,4565,צביה ויצחק
3000,4577,אודם
3000,4595,מעלה אורנים
3000,4596,זרחי ישראל
3000,4601,קלרמון גנו
3000,4628,שומאן עבד אל חמיד
3000,4630,טאהה חוסיין
3000,4639,אל אצמאעי
3000,4649,היזמה
3000,4666,שאווקי אחמד
3000,4673,ביסאן
3000,4679,התמרוקים
3000,4694,אל חרמי שוקרי
3000,4728,דרך חיזמא סמ3
3000,4752,שד סיירת דוכיפת
3000,4753,שד דיין משה
3000,4754,השישה עשר
3000,4756,חיל האויר
3000,4758,הארבעה
3000,4760,משטרת הישובים
3000,4762,האלוף עוזי נרקיס
3000,4765,הסיירת הירושלמית
3000,4773,ידין יגאל
3000,4785,תמיר שמואל
3000,4793,מזל טלה
3000,4804,נדבה יוסף
3000,4805,גרשון מאיר
3000,4809,תורן חיים
3000,4811,סדן דב
3000,4831,עדן שמואל
3000,4950,דרוק שלמה זלמן
3000,4951,בוקסבאום מרדכי
3000,4964,קהילות יעקב
3000,4965,הרב פטאל
3000,4967,ברכת אברהם
3000,5011,רקנטי אברהם
3000,5020,זריצקי דוד
3000,5117,דרך שעפאט סמ8
3000,5127,דרך בית חנינא
3000,5300,דרך החורש
3000,5403,אדם
3000,5404,העסקן
3000,5405,ינובסקי דניאל
3000,5410,אנוסי משהד
3000,5453,ההרדוף
3000,5454,מרוה
3000,5476,נתיבי עם
3000,5503,הרטום
3000,5518,אל עין
3000,6521,ש שמואל הנביא
3000,6624,גבעת שאול
3000,6627,מוצא תחתית
3000,6698,קרית היובל
3000,6805,פסגת זאב
3000,6830,קריית המדע
3000,6860,גבעת המטוס
3000,7001,דרך מעלה אדמים
3557,133,משעול החיטה
3557,9000,קדומים
3560,103,שיר השירים
3560,126,טורי זהב
3560,9000,אלקנה
3561,9000,מגדל עוז
3570,101,מבצע חירם
3570,102,דרך הציונות
3570,107,כביש 101
3570,108,"צה""ל"
3570,110,ברק
3570,112,הגליל
3570,117,הערבה
3570,120,שד ירושלים
3570,121,דרך אפרתה
3570,134,שער הגיא
3570,139,מצדה
3570,150,דרך רמת הגולן
3570,160,כביש 31
3570,202,דרך הנחשונים
3570,204,בראון אורי
3570,210,העצמאות
3570,302,יהודה
3570,303,דרך עפרון
3570,6503,אזור תעשיה מערב
3573,9000,חלמיש
3579,9000,אלון מורה
3616,103,אבני החושן
3616,113,החליל
3616,114,הקרן
3616,130,דרך מדבר יהודה
3616,141,דרך קדם
3616,150,הר מיכוור
3616,160,צמח השדה
3616,161,דרך הר הבית
3616,176,פרי מגדים
3616,190,מבוא הסוף
3616,194,הפרג
3616,200,דרך הר הצופים
3616,201,שד החברה הכלכלית
3616,211,דרך ימית
3616,214,גבעת המיסדים
3616,225,המצוק
3616,226,הקירטון
3616,229,הרכס
3616,234,השחם
3616,237,נופי הסלע
3616,245,הצור
3616,6504,מישור אדמים
3617,9000,עופרה
3637,9000,מעלה שומרון
3640,104,הברוש
3640,107,הניצנים
3640,9000,קרני שומרון
3641,6501,שכ רמת שמואל
3641,9000,שילה
3644,122,כליל החורש
3649,9000,שקד
3650,116,הגפן
3650,118,התאנה
3650,129,נצר ישי
3650,135,שד המלך דוד
3652,9000,בית אריה
3654,101,דרך ברקן
3654,9000,ברקן
3655,9000,"ניל""י"
3658,9000,עטרת
3660,101,בית ישראל
3660,106,לוין פנחס
3720,102,חלמיש
3720,103,ברקת
3720,116,ענבר
3726,108,נחל חבר
3730,101,המכבים
3730,303,אתרוג
3750,104,כרכום
3750,119,דרך חסדאי אליעזר
3760,105,השיטה
3760,108,האורן
3760,112,הזית
3760,118,הצבעוני
3760,123,האלון
3760,155,האגוז
3760,175,הגלבוע
3760,176,הכרמל
3760,190,הארבל
3760,191,מירון
3760,9000,אורנית
3763,120,שד אדם
3765,146,המוריה
3765,9000,עלי
3769,107,מבוא הזית
3770,110,הכרמל
3770,129,מוריה
3778,101,האורן
3778,102,החרוב
3778,105,הארז
3780,111,דברי חיים
3780,120,חזון איש
3780,121,הרב צדקא יהודה
3780,123,יוחנן בן זכאי
3780,155,"מפעל הש""ס"
3780,204,המגיד ממעזריטש
3780,207,חיי יצחק
3780,219,כנסת מרדכי
3780,223,הרב שך
3795,101,הר השומרון
3797,152,חזון איש
3797,201,אבני נזר
3797,204,מסילת ישרים
3797,206,נתיבות המשפט
3797,220,רבי יהודה הנשיא
3797,221,רבי שמעון בר יוחא
3797,230,דרך קרית ספר
4000,105,הקונגרס
4000,110,שד דגניה
4000,111,אברבנאל
4000,116,ארן זלמן
4000,123,האשל
4000,129,שד ורבורג
4000,140,הרב ריינס
4000,155,בר אילן
4000,159,אידלסון בבה
4000,160,הגדוד העברי
4000,162,שרת משה
4000,163,הראשונים
4000,169,הקבוצים
4000,173,שבטי ישראל
4000,177,חומה ומגדל
4000,178,פולד ברכה
4000,179,בילינסון
4000,183,השיירה
4000,185,בן צבי יצחק
4000,190,דרך צייזל ירוחם
4000,191,דרך בר יהודה
4000,193,תובל
4000,194,יוליוס סימון
4000,195,שד ההסתדרות
4000,199,שנקר אריה
4000,200,הסנונית
4000,203,החרש
4000,205,המסגר
4000,207,השיש
4000,209,חירם
4000,210,חלוצי התעשיה
4000,211,חלץ
4000,212,החרושת
4000,215,"אח""י אילת"
4000,224,דרך העמקים
4000,228,"שד מח""ל"
4000,230,הקיטור
4000,234,משמר העמק
4000,236,שיטרית
4000,239,בית אלפא
4000,242,האצטדיון
4000,264,ים התיכון
4000,265,ברודסקי זאב
4000,268,הנפח
4000,274,האשלג
4000,275,הדשנים
4000,276,הסולל
4000,281,בל גרהם אלכסנדר
4000,288,דרך דיין משה
4000,295,בהרב יקותיאל
4000,301,קבוץ גלויות
4000,303,הגבורים
4000,304,השומר
4000,306,אבן גבירול
4000,309,חטיבת גולני
4000,311,"ביל""ו"
4000,314,"שד הפלי""ם"
4000,321,מד מילר נחום
4000,323,הקטר
4000,337,שיבת ציון
4000,338,מעלה השחרור
4000,341,חמם אל פשה
4000,348,דרך העצמאות
4000,353,הנמל
4000,354,דרך יפו
4000,355,הבנקים
4000,357,עין דור
4000,358,סיליזיאן
4000,360,שד המגינים
4000,367,דרך ידין יגאל
4000,370,כיאט
4000,377,איתין יהודה
4000,386,כורי
4000,394,פרץ
4000,399,שד בן גוריון
4000,402,לבונטין
4000,403,שבתאי לוי
4000,409,הפרסים
4000,413,הגפן
4000,415,הגנים
4000,427,הסראיה
4000,442,נתיבי המפרץ
4000,446,ברון הירש
4000,460,קדושי יאסי
4000,464,חת נחום
4000,474,גרינשפון הרצל
4000,483,גולדה מאיר
4000,490,שוויצר אלברט
4000,492,סבידור מנחם
4000,505,שד רוטשילד
4000,509,"צה""ל"
4000,512,דרך אלנבי
4000,526,העליה השניה
4000,537,חיל הים
4000,546,שד בת גלים
4000,551,התורן
4000,554,דרך צרפת
4000,561,שלמה המלך
4000,564,סחרוב אנדרה
4000,566,שונית
4000,569,בר רב האי דוד
4000,576,מגורשי ספרד
4000,578,שאול המלך
4000,591,חוף הכרמל
4000,592,"אצ""ל"
4000,598,סעדיה גאון
4000,601,חורב
4000,602,שד אבא חושי
4000,605,גבעת דאונס
4000,610,הרופא
4000,614,פרויד
4000,616,תל מאנה
4000,621,"פיק""א"
4000,622,דישראלי
4000,625,שד מוריה
4000,628,יותם
4000,634,שמשון
4000,635,שד הנשיא
4000,636,וודגווד
4000,641,שער הלבנון
4000,643,ביכורים
4000,644,וולפסון
4000,651,פינסקי דוד
4000,654,צפרירים
4000,657,ורדיה
4000,658,אלחנן יצחק
4000,660,מורג
4000,662,דרך רופין
4000,665,נחשון
4000,668,מעברות
4000,685,הורדים
4000,688,הצופים
4000,690,דרך הים
4000,702,שושנת הכרמל
4000,718,התשבי
4000,721,חורשה
4000,726,טשרניחובסקי
4000,763,אורן
4000,764,שקמה
4000,768,דניה
4000,773,שבדיה
4000,784,אנטוורפן
4000,786,מרסיי
4000,795,בירם
4000,801,דרך סטלה מריס
4000,807,שפרה
4000,808,פועה
4000,811,שד הציונות
4000,813,יפה נוף
4000,816,שד גולומב אליהו
4000,823,ארלוזורוב
4000,825,בלפור
4000,834,מסדה
4000,845,הנביאים
4000,847,שמריהו לוין
4000,850,הרצליה
4000,856,הרצל
4000,858,ברואלד
4000,859,החלוץ
4000,864,ביאליק
4000,865,חסן שוקרי
4000,874,שפירא
4000,875,סירקין
4000,878,לוד
4000,880,יחיאל
4000,881,סוקולוב
4000,886,הרב הרצוג
4000,896,ירושלים
4000,909,"רמב""ן"
4000,912,שד וינגיט
4000,915,שד קיש
4000,917,האסיף
4000,919,גאולה
4000,930,מיכאל
4000,943,ברזילי
4000,944,"יל""ג"
4000,958,בלום לאון
4000,971,איטליה
4000,974,פלימן משה
4000,975,וינשל
4000,980,בן צור שמואל
4000,988,הרב אנקואה רפאל
4000,989,שופמן גרשון
4000,992,קויפמן יחזקאל
4000,996,רב אלוף דוד אלעזר
4000,997,חוף דדו
4000,999,המפרי יוברט
4000,1009,זמכשרי
4000,1011,עספיה
4000,1012,דרך יד לבנים
4000,1015,החשמל
4000,1020,הגליל
4000,1022,חניתה
4000,1025,התיכון
4000,1028,שאול
4000,1029,הבריכה
4000,1031,שד טרומפלדור
4000,1032,פינסקר
4000,1035,דרך חנקין
4000,1041,אינטרנשיונל
4000,1044,קומוי נתן
4000,1051,ברל כצנלסון
4000,1061,הסחלב
4000,1068,שינדלר אוסקר
4000,1073,מימון
4000,1074,סילבר אבא הלל
4000,1077,גדליהו
4000,1082,יוחאי בן-נון
4000,1084,גולן שמחה
4000,1085,שער פלמר
4000,1090,ניסנבוים
4000,1091,פרופ' רטנר יוחנן
4000,1099,דורי יעקב
4000,1116,לוחמי חרות ישראל
4000,1128,ראש מיה
4000,1142,הצדף
4000,1161,שד ההגנה
4000,1162,"נעמ""ת"
4000,1165,סנה משה
4000,1168,הצוללת דקר
4000,1169,אלבז נתן
4000,1170,סלוודור
4000,1179,רח 506
4000,1188,חוף בת גלים
4000,1192,רוטנברג פנחס ואבר
4000,1206,הדסה
4000,1210,חוצות המפרץ
4000,1231,מבוא חיפה
4000,1251,הבישוף חג'אר
4000,1300,מנהרות הכרמל
4000,1391,יגאל אלון
4000,1395,שלון
4000,1450,ולנברג ראול
4000,1502,"החיד""א"
4000,1503,אספיס אברהם
4000,1507,"חב""ד"
4000,1508,פרומר דב
4000,4061,מחלף גדוד 21
4000,4067,מחלף ההסתדרות
4000,6009,ככר מאירהוף
4000,6501,מע ק חיים
4000,6525,ואדי סליב
4000,6606,שכ רוממה
4000,6630,כרמל מרכזי
4000,6706,קרית הטכניון
5000,101,רדינג
5000,106,שמעוני
5000,116,לבנון חיים
5000,126,אינשטיין
5000,132,המתנדב
5000,133,אפקים
5000,141,ברקאי שמואל
5000,159,רח 2224
5000,169,רודנסקי שמואל
5000,174,טאגור רבינדרנארט
5000,175,אנדרסן
5000,177,ברגסון
5000,180,שד רוקח
5000,185,פרופס אהרון צבי
5000,190,אופנהיימר
5000,191,גייגר
5000,195,אפטר יעקב
5000,197,אשכול לוי
5000,198,"עגנון ש""י"
5000,201,בן ישי
5000,205,רומנו
5000,207,מנורה
5000,218,אופיר
5000,225,בני אפרים
5000,226,וייז ג'ורג'
5000,227,קהילת יאסי
5000,228,יד המעביר
5000,230,קהילת ורשה
5000,235,קהילת לודג'
5000,248,קדושי השואה
5000,249,מבצע קדש
5000,251,קהילת ונציה
5000,255,קהילת פאדובה
5000,265,קרן קיימת לישראל
5000,267,לאה
5000,272,שיטרית
5000,275,רקנאטי
5000,276,פרסיץ שושנה
5000,281,אחימאיר אבא
5000,282,בן יוסף שלמה
5000,284,חכים אליהו
5000,289,פיינשטיין
5000,295,שלונסקי
5000,301,"צה""ל"
5000,303,המצביאים
5000,304,בת יפתח
5000,310,עיר שמש
5000,317,שמגר
5000,322,בנימין מטודלה
5000,323,משמר הירדן
5000,330,אבן ספיר
5000,336,הרוגי מלכות
5000,343,טריטש
5000,346,מרכוס דוד
5000,347,טבנקין יצחק
5000,360,הברזל
5000,361,ולנברג ראול
5000,364,הארד
5000,365,הנחושת
5000,367,דבורה הנביאה
5000,385,ענתות
5000,388,טולקובסקי
5000,392,פומרוק יוסף
5000,400,סנה משה
5000,401,"כ""ג יורדי הסירה"
5000,402,התערוכה
5000,403,ירמיהו
5000,404,דיזנגוף
5000,406,צידון
5000,409,נמל תל אביב
5000,410,נחשון
5000,422,שמעון התרסי
5000,425,שד נורדאו
5000,426,יהושע בן נון
5000,429,סוקולוב
5000,430,סמ נורדאו
5000,435,אוסישקין
5000,441,"השל""ה"
5000,450,בזל
5000,456,ז'בוטינסקי
5000,461,הירקון
5000,476,אגדתי ברוך
5000,504,התניא
5000,507,פראג
5000,510,בן יהודה
5000,515,עמנואל הרומי
5000,523,אלחריזי
5000,524,בן עזרא
5000,526,שמואל הנגיד
5000,534,ליברמן
5000,537,שד בן גוריון
5000,540,ברנשטיין אדוארד
5000,542,וייס אייזיק הירש
5000,543,גרץ
5000,607,נתן החכם
5000,608,הוז דב
5000,616,מאפו
5000,618,בוגרשוב
5000,620,סירקין
5000,624,חובבי ציון
5000,627,פינסקר
5000,631,לוריא
5000,633,צפת
5000,636,פרי אליעזר
5000,702,שפינוזה
5000,705,ריינס
5000,709,ישראליס
5000,710,שלמה המלך
5000,711,גורדון י ל
5000,714,פרישמן
5000,722,שד מסריק
5000,723,"שדרות ח""ן"
5000,727,השופטים
5000,729,הנביאים
5000,730,מלכי ישראל
5000,731,שמשון
5000,737,בוקי בן יגלי
5000,738,המלך ג'ורג'
5000,742,זמנהוף
5000,749,"שד' תרס""ט"
5000,751,שד בן ציון
5000,753,מרמורק
5000,754,"ביל""ו"
5000,756,הוברמן
5000,804,בני דן
5000,811,מרים החשמונאית
5000,814,יהודה המכבי
5000,819,ברנדיס
5000,820,הרב צירלסון
5000,829,ויצמן
5000,835,בבלי
5000,839,הזוהר
5000,906,שרת משה
5000,914,פנקס
5000,924,בן סרוק
5000,925,בן שפרוט
5000,928,רמז דוד
5000,934,ארלוזורוב
5000,940,בלקינד
5000,944,גבעת המורה
5000,950,מסוף רדינג
5000,1005,הרב גורן שלמה
5000,1006,על פרשת דרכים
5000,1008,בארי
5000,1009,סולד הנרייטה
5000,1010,התמר
5000,1011,דרך נמיר מרדכי
5000,1016,דפנה
5000,1020,בצלאל
5000,1021,סוטין
5000,1022,אורי
5000,1024,נהרדעא
5000,1025,פומבדיתא
5000,1026,בלוך דוד
5000,1027,רב אלוף יעקב דורי
5000,1032,אנטוקולסקי
5000,1034,דובנוב
5000,1035,שד דוד המלך
5000,1037,שד שאול המלך
5000,1040,אבן גבירול
5000,1042,דה וינצ'י לאונרדו
5000,1045,ברקוביץ
5000,1047,ספיר פנחס
5000,1101,יהודה הלוי
5000,1103,שד רוטשילד
5000,1104,אחד העם
5000,1107,החשמונאים
5000,1110,שיינקין
5000,1112,מרכז בעלי מלאכה
5000,1122,בורוכוב
5000,1128,טרומפלדור
5000,1131,שניאור זלמן
5000,1132,בר כוכבא
5000,1135,אלנבי
5000,1138,אידלסון אברהם
5000,1140,טשרניחובסקי
5000,1143,רציף הרברט סמואל
5000,1201,יונה הנביא
5000,1202,הכובשים
5000,1203,גאולה
5000,1204,הרב קוק
5000,1209,עזרא הסופר
5000,1211,דניאל
5000,1215,קפאח יחיה
5000,1224,הכרמל
5000,1233,הלל הזקן
5000,1235,נחלת בנימין
5000,1238,התבור
5000,1242,"יעב""ץ"
5000,1244,מוהליבר
5000,1245,גרוזנברג
5000,1246,ברנר
5000,1248,פיארברג
5000,1249,מלצ'ט
5000,1250,יבנה
5000,1255,מונטיפיורי
5000,1259,השחר
5000,1264,בלפור
5000,1265,"מזא""ה"
5000,1266,נחמני
5000,1267,יפה בצלאל
5000,1269,הרכבת
5000,1272,"שד""ל"
5000,1275,ברזילי
5000,1276,לבונטין
5000,1277,מקוה ישראל
5000,1301,דרך יפו
5000,1308,בוסתנאי
5000,1309,לילינבלום
5000,1319,אלחנן יצחק
5000,1325,החרמון
5000,1327,שבזי
5000,1329,סמ שבזי
5000,1334,עין יעקב
5000,1335,אחווה
5000,1339,"חברת ש""ס"
5000,1342,המרד
5000,1352,אילת
5000,1360,רח 3358
5000,1371,נוה שלום
5000,1372,אלרואי
5000,1380,כרמלית
5000,1400,אלעזר )רוקח(
5000,1417,ברגרנר אליזבת
5000,1436,הרב טולידנו
5000,1439,קויפמן יחזקאל
5000,1441,שנקר אריה
5000,1442,גולדמן נחום
5000,1503,סעדיה גאון
5000,1505,וילסון
5000,1506,לינקולן
5000,1511,קרליבך
5000,1514,"ריב""ל"
5000,1515,שונצינו
5000,1518,חומה ומגדל
5000,1520,בית אלפא
5000,1522,בן אביגדור
5000,1529,יגיע כפיים
5000,1530,יד חרוצים
5000,1531,טברסקי
5000,1536,שטיבל
5000,1537,שפרינצק
5000,1540,קפלן
5000,1545,שד יהודית
5000,1546,"הנצי""ב"
5000,1549,ילין מור נתן
5000,1552,"ב""ק ישראל"
5000,1554,המסגר
5000,1555,דרך בגין
5000,1557,הרכב
5000,1561,צקלג
5000,1571,גבעת התחמושת
5000,1601,אליפלט
5000,1602,מעון
5000,1611,שלבים
5000,1612,וסרמן יעקב
5000,1618,ניצנה
5000,1620,שד ירושלים
5000,1622,פוריה
5000,1626,הרבי מבכרך
5000,1632,אבולעפיה
5000,1637,שארית ישראל
5000,1639,התחיה
5000,1643,חזק
5000,1647,אלעזר בן עזריה
5000,1650,בן גמליאל
5000,1655,רזיאל
5000,1657,בן שטח שמעון
5000,1667,פנחס בן יאיר
5000,1674,שניצלר
5000,1695,רח 3320
5000,1697,מרזוק ועזר
5000,1712,פסטר
5000,1713,אבן סינא
5000,1718,אבן רשד
5000,1758,נמל יפו
5000,1760,קדם
5000,1761,הספינה
5000,1766,הקברניט
5000,1791,פייר מנדס פרנס
5000,1796,דונולו הרופא
5000,1823,טולוז
5000,1824,בית פלט
5000,1835,קורצ'אק יאנוש
5000,1854,בת ים
5000,1861,פחד יצחק
5000,1884,המגדלור
5000,1910,הולצברג שמחה
5000,1912,אפלטון
5000,1932,עבודת ישראל
5000,1934,מאור עינים
5000,1935,"שד חב""ד"
5000,1939,"שד הבעש""ט"
5000,1940,דב ממזריץ
5000,1944,נחמן מברסלב
5000,1947,בת עין
5000,1964,ארליך
5000,1968,פסטלוצי
5000,1971,מיכאל אנג'לו
5000,1979,עולי ציון
5000,1983,שבטי ישראל
5000,1986,יהודה הימית
5000,1990,מגן אברהם
5000,1991,אבן שושן אברהם
5000,1992,רח 3053
5000,1993,יהודה מרגוזה
5000,1994,יפת
5000,2022,סהרון
5000,2023,פיקוס
5000,2025,הרב הלר חיים
5000,2029,רובינשטין
5000,2139,נחל הבשור
5000,2145,רח 3226
5000,2146,גר צדק
5000,2149,עזה
5000,2155,נס לגויים
5000,2157,היינה
5000,2160,למרטין
5000,2164,אור החיים
5000,2165,רבנו ירוחם
5000,2173,תל גבורים
5000,2184,נחל שורק
5000,2190,ארבר מנחם
5000,2198,פעמונית
5000,2199,קהילת קנדה
5000,2201,החלוצים
5000,2203,השוק
5000,2208,רענן
5000,2210,הקישון
5000,2211,כפר גלעדי
5000,2213,אברבנאל
5000,2215,הרצל
5000,2216,העליה
5000,2218,פלורנטין
5000,2225,בנבנישתי
5000,2226,בן עטר
5000,2227,צ'לנוב
5000,2228,פרץ י ל
5000,2231,מסילת העולים
5000,2235,בני ברק
5000,2239,סלומון
5000,2240,הנגב
5000,2243,השומרון
5000,2244,ראש פינה
5000,2245,החרש
5000,2250,יסוד המעלה
5000,2253,הגדוד העברי
5000,2262,בכורי ציון
5000,2263,שוקן
5000,2302,גולומב
5000,2307,לבנדה
5000,2309,קבוץ גלויות
5000,2316,ענתבי
5000,2318,צמח דוד
5000,2326,הקונגרס
5000,2327,מטלון
5000,2328,לוינסקי
5000,2343,בעל העקידה
5000,2353,דה מודינה אריה
5000,2360,מסילת ישרים
5000,2364,חכמי לובלין
5000,2371,שד הר ציון
5000,2373,בר יוחאי
5000,2378,דרך שלמה
5000,2383,חזקיהו המלך
5000,2391,עמיקם
5000,2392,אסירי ציון
5000,2396,מבקיעים
5000,2408,הקשת
5000,2412,דרך בן צבי
5000,2426,גורי ישראל
5000,2439,ורשבסקי
5000,2454,הירשביין
5000,2460,הפטיש
5000,2465,חיל השריון
5000,2466,גרינבוים
5000,2469,גיתית
5000,2501,עלית הנוער
5000,2502,נהלל
5000,2503,ערבי נחל
5000,2505,ברוריה
5000,2506,עמק ברכה
5000,2509,נחלת יצחק
5000,2518,חיי אדם
5000,2522,גלוסקא זכריה
5000,2523,תוצרת הארץ
5000,2524,אלון יגאל
5000,2525,הסוללים
5000,2526,ינון
5000,2527,תובל
5000,2535,דרך דיין משה
5000,2545,דרך הגבורה
5000,2548,בצרון
5000,2551,גינצבורג
5000,2561,עמינדב
5000,2562,יצחק שדה
5000,2566,וולמן יהודה
5000,2570,בנימיני אהרון
5000,2572,מוזס יהודה ונח
5000,2579,האומנים
5000,2601,דרך הטייסים
5000,2602,עמישב
5000,2604,דרך השלום
5000,2606,החבצלת
5000,2608,עודד
5000,2622,נגבה
5000,2632,גבעתי
5000,2639,וינגייט
5000,2642,שד יד לבנים
5000,2643,לוחמי גליפולי
5000,2644,"הפלמ""ח"
5000,2645,בת ציון
5000,2646,הגבור האלמוני
5000,2648,לה גארדיה
5000,2650,אנילביץ מרדכי
5000,2656,שד המעפילים
5000,2658,דרך ההגנה
5000,2660,יציאת אירופה
5000,2665,"שד החי""ל"
5000,2671,נירים
5000,2674,השלושה
5000,2685,הרב רייפמן
5000,2688,שטינשנידר
5000,2701,עוזר
5000,2707,עבאס אברהם
5000,2731,"אצ""ל"
5000,2753,קרייתי
5000,2766,דרך בר-לב חיים
5000,2777,עזאי
5000,2779,קדמיאל
5000,2780,נתן
5000,2787,מבשר
5000,2788,חנוך
5000,2794,יאיר
5000,2815,שתולים
5000,2821,חירותנו
5000,2822,תשרי
5000,2836,גדיש
5000,2856,נטעים
5000,2860,"לח""י"
5000,2866,אלוף דן לנר
5000,2903,משה בריל בר-כוכבא
5000,2908,שייקה דן
5000,2958,"מח""ל"
5000,2959,שד ששת הימים
5000,2960,מעפילי אגוז
5000,2966,צרעה
5000,2970,גולינקין מרדכי
5000,2971,צלילי חנינא
5000,2976,סלע יעקב
5000,2981,לובטקין צביה
5000,2983,רח 4216
5000,2989,מרדור מוניה
5000,3004,מחרוזת
5000,3006,סומקן
5000,3007,"שז""ר זלמן"
5000,3010,שקד
5000,3013,שיק
5000,3014,צונץ
5000,3019,רוזן פנחס
5000,3020,הלוחמים
5000,3021,רמבה אייזיק
5000,3101,יוניצ'מן
5000,3103,אורי צבי גרינברג
5000,3115,סמבורסקי דניאל
5000,3120,סאמט שמעון
5000,3130,רח 2040
5000,3280,לבון פנחס
5000,4041,רח 1103
5000,4056,רח 3694
5000,4123,רח 1254
5000,4148,רח 2139
5000,4525,תבין אלי
5000,4534,רח 2290
5000,4624,הרב צוברי יוסף
5000,4628,רח 2284
5000,4691,"זק""ש נלי"
5000,4701,רח 2287
5000,4728,רח 2288
5000,4738,אברך ישעיהו
5000,4744,מקס ברוד
5000,4748,רח 3769
5000,4769,זריצקי יוסף
5000,6007,ככר היל
5000,6526,ש מחל
5000,6575,מרכז רפואי סוראסק
5000,6700,גבעת הרצל
5000,6802,ש נוה צהל
6000,6752,המרכז העיר הישנה
6000,9000,באקה-ג'ת
6100,101,בר כוכבא
6100,104,הקישון
6100,109,"לח""י"
6100,114,ששת הימים
6100,201,אברבנאל
6100,203,הירקון
6100,207,החלוצים
6100,216,"הפלמ""ח"
6100,228,הרב שך
6100,233,נורוק
6100,244,צבי
6100,301,מבצע קדש
6100,304,אבו חצירא ישראל
6100,305,גרונר
6100,309,המכבים
6100,310,בגין מנחם
6100,311,יונתן
6100,329,דנגור
6100,330,סרור דנה
6100,401,בן גוריון דוד
6100,404,עלי הכהן
6100,405,טבריה
6100,406,חברון
6100,407,עמי
6100,408,הרב קוק
6100,409,מנחם
6100,414,ירושלים
6100,420,יהושע
6100,432,ירמיהו
6100,435,ישעיהו
6100,445,הרצוג
6100,501,הראשונים
6100,502,רבי עקיבא
6100,503,ז'בוטינסקי
6100,507,אבן גבירול
6100,514,הרב מימון
6100,515,אחיעזר
6100,517,יהודה הלוי
6100,518,סוקולוב
6100,519,הרב קוטלר
6100,520,הרב בלוי
6100,522,אבטליון
6100,528,"רמב""ם"
6100,531,אבן עזרא
6100,604,"סמטת אז""ר"
6100,606,השלושה
6100,615,צפניה
6100,616,הירדן
6100,619,"חיד""א"
6100,620,יואל
6100,622,חבקוק
6100,626,יצחק נפחא
6100,706,בר אילן
6100,724,אשל אברהם
6100,806,קהילות יעקב
6100,809,"האדמו""ר מקוצק"
6100,812,הר סיני
6100,815,אדמורי שאץ
6100,818,האדמור מנדבורנא
6100,824,מחזיקי הדת
6100,825,עזרא
6100,826,רבינא
6100,827,מתתיהו
6100,829,ישמח משה
6100,830,חזון איש
6100,833,נחמיה
6100,834,דבורה הנביאה
6100,835,אהרונוביץ ראובן
6100,836,בר יוחאי
6100,837,השומר
6100,841,מלאכי
6100,845,אלישע
6100,846,"האדמו""ר מגור"
6100,850,שלמה המלך
6100,869,נחמן מברסלב
6100,870,הרב בן יעקב
6100,872,דמשק אליעזר
6100,877,אמרי ברוך
6100,890,"האדמו""ר מוישוי"
6100,891,הרב כהנמן
6100,902,"רש""י"
6100,904,אור החיים
6100,911,הרב דסלר
6100,918,בן זכאי
6100,929,סמ גוטליב
6100,934,אנילביץ
6100,936,סעדיה גאון
6100,938,מעיינה של תורה
6100,947,יעל
6100,975,הרב פוברסקי
6100,6528,גבעת סוקולוב
6200,101,קרן קימת לישראל
6200,102,ירושלים
6200,108,ניצנה
6200,111,החלוצים
6200,114,"הפלמ""ח"
6200,122,הגליל
6200,128,הזית
6200,132,יוסף הנשיא
6200,133,חלמית
6200,201,שד העצמאות
6200,202,הגבול
6200,208,הלפר
6200,210,הרצל
6200,212,דרך בן גוריון
6200,214,הרב קוק
6200,216,מסריק
6200,218,ישראל בן ציון
6200,219,העמדות
6200,220,רוטשילד
6200,221,בלפור
6200,225,חיים דוד מסיקה
6200,301,דנין יחזקאל
6200,302,ז'בוטינסקי
6200,304,הנביאים
6200,308,השקמה
6200,309,יהודה הלוי
6200,310,שד יוספטל גיורא
6200,311,הקוממיות
6200,312,יצחק שדה
6200,313,"ד""ר ניר נחום"
6200,314,ברנר
6200,316,בר יהודה
6200,401,כצנלסון ברל
6200,402,בר אילן
6200,403,החשמונאים
6200,405,רמז
6200,410,פרלשטיין
6200,414,הרב עוזיאל
6200,416,הרב הרצוג
6200,417,"צה""ל"
6200,422,החרושת
6200,423,בית וגן
6200,426,דניאל
6200,430,ההגנה
6200,431,זמנהוף
6200,437,השר פנקס
6200,438,רייק חביבה
6200,439,שרת משה
6200,440,ששת הימים
6200,443,נורדאו מקס
6200,446,השר שפירא
6200,503,מבצע סיני
6200,505,אילת
6200,507,סנה משה
6200,508,הרב ניסנבוים יצחק
6200,510,אורט ישראל
6200,518,כהן אלי
6200,521,"כ""ט בנובמבר"
6200,522,ליבורנו
6200,523,הרב לוי
6200,534,רזיאל דוד
6200,546,ירקוני
6200,552,רבינוביץ'
6200,553,גנרל קניג פייר
6200,601,העבודה
6200,603,המלאכה
6200,606,האורגים
6200,607,העמל
6200,612,פרנק אנה
6200,613,הרב מימון
6200,620,דרך מנחם בגין
6200,626,קרן היסוד
6200,638,ארזים
6200,639,טבנקין
6200,645,"אצ""ל"
6200,655,עגנון
6200,675,"מצודת בית""ר"
6200,677,יצחק נפחא
6300,101,כצנלסון
6300,103,ערבי נחל
6300,107,אחדות העבודה
6300,109,בורוכוב
6300,110,קרן קימת לישראל
6300,123,סירקין
6300,133,שפע טל
6300,201,הכנסת
6300,203,המרי
6300,210,דרך בן גוריון דוד
6300,222,בראשית
6300,223,גולומב
6300,224,ריינס
6300,301,ויצמן
6300,305,ברדיצ'בסקי
6300,308,ז'בוטינסקי
6300,315,פינברג יעקב
6300,318,בן צבי שמעון
6300,402,גוש עציון
6300,403,הלמד הא
6300,406,עלית הנוער
6300,503,"רמב""ם"
6300,504,רמז
6300,505,גנסין
6300,507,המגדל
6300,509,אילת
6300,510,סירני אנצו
6300,512,סנש
6300,514,דרך השלום
6300,601,דרך יצחק רבין
6300,603,רביבים
6300,608,כף גימל
6300,609,המאבק
6300,618,עמישב
6300,619,הרב צימבר
6300,621,כורזין
6300,622,הרצוג
6300,627,משמר הירדן
6300,630,אלוף שדה
6300,6505,"גבעת רמב""ם"
6400,101,רביבים
6400,105,בורוכוב
6400,106,כצנלסון
6400,107,פועלי ציון
6400,112,מורדי הגטאות
6400,302,גורדון א ד
6400,303,ארלוזורוב
6400,306,ההסתדרות
6400,307,ברנר
6400,308,מלכין שרה
6400,309,בן גוריון
6400,311,צמרות
6400,318,סעדיה גאון
6400,319,הנגב
6400,332,"חת""ם סופר"
6400,333,רבי עקיבא
6400,334,הגאון מוילנה
6400,342,יהודה הנשיא
6400,352,"בית""ר"
6400,353,מבצע קדש
6400,401,בר אילן
6400,402,השרון
6400,404,ויצמן
6400,406,סוקולוב
6400,416,הבנים
6400,421,העצמאות
6400,422,מוהליבר
6400,423,קהילת ציון
6400,464,אלתרמן נתן
6400,485,הקוצרים
6400,502,הדר
6400,503,ההגנה
6400,504,אלוף אלון יגאל
6400,505,יפה אריה לייב
6400,506,ברוך
6400,528,הצפצפות
6400,530,הבריגדה היהודית
6400,534,הנדיב
6400,538,שבעת הכוכבים
6400,539,יהודה הלוי
6400,540,פינסקר
6400,542,אבן עזרא
6400,546,מצפה ים
6400,547,הרב קוק
6400,549,דרך ירושלים
6400,556,הרצוג
6400,558,האילנות
6400,563,כנפי נשרים
6400,566,ברש אשר
6400,568,שמואל הנגיד
6400,574,בצלאל
6400,583,טאובר אמה
6400,584,שד מיכאלי בן ציון
6400,593,כבוש העבודה
6400,596,נבו יוסף
6400,605,שער הים
6400,608,הנשיא יצחק בן צבי
6400,609,האשל
6400,618,רמת ים
6400,620,בזל
6400,623,דוד המלך
6400,624,שלוה
6400,627,קרן היסוד
6400,650,שבט מנשה
6400,652,המעפילים
6400,657,זמנהוף
6400,672,גבעת התחמושת
6400,705,מדינת היהודים
6400,708,שנקר אריה
6400,709,גלגל הפלדה
6400,710,משכית
6400,713,שד אבא אבן
6400,714,המנופים
6400,716,יורדי ים
6400,728,"ניל""י"
6400,775,דרך דיין משה
6400,792,שד בגין מנחם
6400,795,השונית
6400,811,יוסף הנשיא
6400,816,בן סרוק מנחם
6400,826,ז'בוטינסקי
6400,904,חרש
6500,104,"צה""ל"
6500,210,העליה השניה
6500,211,"רח""ש"
6500,223,השדרה
6500,230,הרב קוק
6500,233,פרידלנדר
6500,244,נחשונים
6500,296,המסגר
6500,298,החרש
6500,299,האומן
6500,303,גולדנברג
6500,309,שד החרות
6500,310,הזגג
6500,312,קומבה
6500,408,אוסישקין
6500,411,ברנר
6500,419,כביש מס' 4
6500,422,שמעוני דוד
6500,427,אהרונוביץ
6500,434,בוארון ברוך
6500,435,עמק יזרעאל
6500,436,חוף הכרמל
6500,450,אהרונסון
6500,452,גרינבוים יצחק
6500,453,דורי יעקב
6500,478,ידין יגאל
6500,518,שיבת ציון
6500,521,ה באייר
6500,522,מבצע עזרא
6500,525,הראשונים
6500,526,הנגב
6500,534,החלוץ
6500,539,דרך הרכבת
6500,546,מבצע עובדה
6500,547,קלז
6500,551,"יש""י"
6500,560,אדני פז
6500,580,פרנק
6500,581,באר אורה
6500,588,יחיעם
6500,601,הרצל
6500,602,הרברט סמואל
6500,603,הלל יפה
6500,604,"רמב""ם"
6500,606,הנשיא ויצמן
6500,607,מלחמת ששת הימים
6500,609,הגבורים
6500,611,שד רוטשילד
6500,636,היסעור
6500,644,שד בגין מנחם
6500,650,"האר""י"
6500,655,בר אילן מאיר
6500,665,עלית הנוער
6500,672,האחו
6500,679,השלום
6500,690,שד רחבעם זאבי
6500,701,אחד העם
6500,702,ז'בוטינסקי
6500,713,ביאליק
6500,726,הברוש
6500,727,ספיר יוסף
6500,736,הסיגלית
6500,738,אסירי ציון
6500,743,סמ זבוטינסקי
6500,801,יגאל
6500,802,"כ""ט בנובמבר"
6500,804,העצמאות
6500,807,קבוץ גלויות
6500,808,יציאת אירופה
6500,817,ההדס
6500,820,בן צבי יצחק
6500,821,חטיבת גולני
6500,832,הפרדס
6500,864,ניצנים
6500,876,שפאק
6500,911,שד האביב
6500,950,רבין יצחק
6500,955,גוש חלב
6500,959,האדמונית
6500,962,האפרסמון
6500,971,שד אלכסנדר
6500,1005,"חטיבת הנח""ל"
6500,1010,יהודי פקיעין
6500,6525,אזור תעשייה
6600,101,דרך השבעה
6600,106,האורגים
6600,107,הבנאי
6600,108,החופר
6600,109,הלהב
6600,110,המכתש
6600,111,המלאכה
6600,112,המרכבה
6600,113,המשביר
6600,116,הסתת
6600,117,הפלד
6600,118,האופן
6600,119,תמנע
6600,127,הרוקמים
6600,132,הצורף
6600,133,הנחושת
6600,204,השופטים
6600,209,פרופ' שור
6600,218,טהון
6600,226,מרבד הקסמים
6600,304,ההסתדרות
6600,313,שמריהו לוין
6600,316,שד ירושלים
6600,317,גאולים
6600,319,הכנסת
6600,320,בית שערים
6600,321,העצמון
6600,322,הקונגרס
6600,324,אלעזר דוד
6600,327,בן-נון יוחאי
6600,328,החרש
6600,333,מוהליבר
6600,343,השיטה
6600,344,פבריגט
6600,348,התומר
6600,350,שטרוק
6600,352,גלילי ישראל
6600,357,התחיה
6600,359,שמורק
6600,401,סוקולוב
6600,403,פרישמן
6600,406,קראוזה
6600,408,השרון
6600,413,נס ציונה
6600,415,חנקין
6600,416,ז'בוטינסקי
6600,419,אוסישקין
6600,426,מקוה ישראל
6600,442,הרב הרצוג
6600,503,ביאליק
6600,505,שד קוגל
6600,509,חובבי ציון
6600,513,קפלן
6600,514,הלוחמים
6600,515,ה' באייר
6600,516,מונטיפיורי
6600,519,סולד הנריטה
6600,525,קפאח
6600,529,המעפילים
6600,531,יצחק הלוי
6600,532,החשמונאים
6600,534,אבן גבירול
6600,536,הקליר אלעזר
6600,546,מכס וג'סי כהן
6600,548,טמטאב
6600,552,אביבים
6600,554,אהל שרה
6600,601,המצודה
6600,611,גבעול
6600,620,מבצע סיני
6600,625,קריתי
6600,632,גבעתי
6600,634,הטייסים
6600,637,שד לוי אשכול
6600,639,"לח""י"
6600,645,סרלין יוסף
6600,702,ויצמן
6600,704,חומה ומגדל
6600,706,שנקר
6600,707,"תרצ""ו"
6600,708,ארלוזורוב
6600,711,הרצפלד
6600,712,אחד במאי
6600,714,יבנה
6600,715,"י""א באדר"
6600,716,לסל
6600,719,הצפירה
6600,720,בלום לאון
6600,721,בילינסון
6600,723,תל חי
6600,724,הנשיאים
6600,725,שד הוז דב
6600,741,בעל שם טוב
6600,743,"הגר""א"
6600,748,צאלים
6600,749,שד יוספטל
6600,750,קדושי קהיר
6600,751,פיכמן
6600,761,ארן זלמן
6600,792,ארליך שמחה
6600,794,לסקוב חיים
6600,795,רבינוביץ יהושע
6600,796,דיין משה
6600,800,שד בן גוריון
6600,805,התנאים
6600,807,הסנהדרין
6600,814,מסילת העולים
6600,821,הר הצופים
6600,827,גבעת התחמושת
6600,875,אילון פנחס
6600,901,אהרונוביץ
6600,911,אילת
6600,912,הציונות
6600,914,אפעל
6600,917,קצנלסון יצחק
6600,918,רמז
6600,919,ויתקין
6600,930,הופיין
6600,934,המתמיד
6600,941,"אלופי צה""ל"
6600,942,מפרץ שלמה
6600,943,רמת הגולן
6600,944,שרת משה
6600,947,קרן היסוד
6600,950,יריחו
6600,963,מעלות
6600,968,קרית שמונה
6600,969,גולדה מאיר
6600,970,ברקת ראובן
6600,983,שד בגין מנחם
6600,986,ברלב חיים
6600,990,מוטה גור
6600,1024,פורת אורנה
6600,1026,ברטונוב דבורה
6700,102,דהאן שמעון
6700,103,השומר
6700,105,"שד קק""ל"
6700,108,הוז דב
6700,110,ביאליק
6700,111,ניברג
6700,112,יהודה הנשיא
6700,121,המגינים
6700,124,גולני
6700,125,גוש עציון
6700,136,"אצ""ל"
6700,139,קפלנסקי
6700,201,"הפלמ""ח"
6700,202,אלחדיף
6700,204,דרך גדוד ברק
6700,207,הירדן
6700,214,העמקים
6700,217,השילוח
6700,223,הגליל
6700,234,יהודה הלוי
6700,235,בן זכאי
6700,246,הבנים
6700,250,שד קפלן אליעזר
6700,251,התנא נחום
6700,275,דרך מנחם בגין
6700,304,ביבאס
6700,309,ברנר
6700,316,הר השקדים
6700,318,החשמונאים
6700,323,בר כוכבא
6700,325,דוד המלך
6700,328,דרך הגבורה
6700,438,האבות
6700,439,שרת משה
6700,444,בן צבי יצחק
6700,445,הנשיא ויצמן
6700,448,ירושלים
6700,457,שד ספיר
6700,461,"שז""ר זלמן"
6700,462,אלעזר דוד
6700,485,בית הלל
6700,488,המלאכה
6700,495,הפנס
6700,496,החרושת
6700,497,הרצוג
6700,508,שקד
6700,509,תמר
6700,510,צאלון
6700,511,הדקל
6700,515,כרכום
6700,6505,ש הרמבם
6800,105,בן עמי
6800,110,ז'בוטינסקי
6800,112,גוש עציון
6800,117,הרצוג
6800,155,דרך מנחם בגין
6800,166,ואן גוך
6800,214,שמחוני אסף
6800,219,חנקין
6800,220,העצמאות
6800,222,מולר הוגו
6800,223,סוקולוב
6800,224,פינסקר
6800,225,אינשטין
6800,228,נורדאו
6800,233,הס
6800,239,שד הציונות
6800,254,יוספטל
6800,256,דרך יצחק רבין
6800,284,השוק
6800,301,הנביאים
6800,304,הגפן
6800,305,נוף הכרמל
6800,307,התאנים
6800,310,שד כצנלסון
6800,321,כנרת
6800,323,זבולון
6800,330,המגינים
6800,334,ברדיצ'בסקי
6800,335,פרישמן
6800,336,אחד העם
6800,337,ביאליק
6800,341,שלום עליכם
6800,344,סמולנסקין
6800,352,בית לחם
6800,624,דרך דשנים
6800,646,שושנת העמקים
6800,667,דרך חיפה
6800,691,בן צבי יצחק
6900,105,אלקלעי
6900,111,הנביאים
6900,112,השופטים
6900,146,אורט
6900,148,השקמה
6900,158,אשכול לוי
6900,205,"התע""ש"
6900,206,יוחנן הסנדלר
6900,208,הסדנא
6900,270,דרך המוביל
6900,277,דרך הפועל
6900,302,"אז""ר"
6900,309,בן יהודה
6900,316,הגליל
6900,321,הכרמל
6900,327,השחר
6900,330,ז'בוטינסקי
6900,335,יבנה
6900,339,כהן
6900,340,כצנלסון ברל
6900,353,פינס
6900,358,הרב קוק
6900,367,מבצע יונתן
6900,372,שפרינצק
6900,374,תל חי
6900,387,הבנים
6900,411,הגנה
6900,412,שד בגין מנחם
6900,415,השומר
6900,418,ויתקין
6900,420,טשרניחובסקי
6900,421,כנפי נשרים
6900,423,לוינסקי
6900,442,רמז דוד
6900,458,נתיב האבות
6900,462,השלום
6900,480,סנה משה
6900,483,דרך השרון
6900,502,אהרונוביץ
6900,503,אוסטשינסקי
6900,506,אנה פרנק
6900,512,גאולה
6900,513,גורדון
6900,518,העמק
6900,520,הרצל
6900,522,בן גוריון
6900,523,ויצמן
6900,525,טרומן
6900,527,ירושלים
6900,529,גלר זאב
6900,532,סוקולוב
6900,533,ששת הימים
6900,534,רוטשילד
6900,535,רופין
6900,550,יציאת אירופה
6900,553,נורדאו
6900,554,גבורות
6900,590,ארבל
6900,593,הצדק
6900,600,הצומת
6900,702,לובטקין צביה
6900,713,ברש אשר
6900,720,מוטה גור
6900,802,גבעולים
6900,1303,החרושת
6900,1305,גביש
6900,1307,עתירי ידע
7000,101,הרצל
7000,143,כצנלסון
7000,144,סוקולוב
7000,164,סילבר אבא הלל
7000,172,לב פסח
7000,173,שד שורץ
7000,207,גולומב
7000,231,כהן אלי
7000,301,החשמונאים
7000,305,"שד צה""ל"
7000,306,ברנר
7000,308,בר אילן
7000,315,בר כוכבא
7000,319,החלוץ
7000,330,סולד
7000,345,אלשוילי אבישי
7000,353,אקסודוס
7000,360,בן יהודה
7000,361,סטרומה
7000,365,שפירא חיים משה
7000,387,כליל החורש
7000,403,ז'בוטינסקי
7000,405,שלמה המלך
7000,406,ההסתדרות
7000,421,שד דוד המלך
7000,460,קהילת ניו יורק
7000,504,אינשטיין
7000,524,שד ירושלים
7000,555,דרכי משה
7000,556,יוספטל גיורא
7000,557,צבר
7000,561,חטיבת יפתח
7000,601,בן אליעזר אריה
7000,754,האיילון
7000,757,דרך לוד הירוקה
7000,765,המצביאים
7000,767,דרך נופי חמד
7000,6508,רמת אשכול
7000,9000,לוד
7100,254,הרב נסים יצחק
7100,301,העצמאות
7100,306,יפה נוף
7100,310,יוהנסבורג
7100,311,שד דרום אפריקה
7100,319,הנשיא
7100,320,ההדרים
7100,356,האלון
7100,357,הצפצפה
7100,374,נורוק
7100,375,בן צבי
7100,377,אורט
7100,378,אבא אחימאיר
7100,379,יקותיאל אדם
7100,390,שד ירושלים
7100,391,בן יואש גדעון
7100,394,בר כוכבא
7100,395,סגל צבי
7100,397,קבוץ גלויות
7100,416,אלי כהן
7100,425,העליה
7100,435,הרצל
7100,440,העבודה
7100,451,רמז דוד
7100,457,אבן עזרא
7100,464,הכרם
7100,467,הגדוד העברי
7100,470,החלוץ
7100,471,"הפלמ""ח"
7100,474,"נח""ל"
7100,475,אוסישקין
7100,477,כצנלסון
7100,487,אנה פרנק
7100,489,רזיאל דוד
7100,493,הפנינים
7100,496,שד התעשיה
7100,501,יסודי עזרא
7100,506,אפרים
7100,507,התחיה
7100,538,השופטים
7100,540,שיבת ציון
7100,587,המסגר
7100,605,גרופר יעקב
7100,607,חתם סופר
7100,608,יהודה הלוי
7100,620,מנדלי מוכר ספרים
7100,630,ההסתדרות
7100,632,ביאליק
7100,639,צור אפרים
7100,641,יוספטל
7100,643,ז'בוטינסקי
7100,644,חובבי ציון
7100,653,שד בן גוריון
7100,674,פינס יוסף
7100,682,אחישר אריה
7100,693,שד שפירא
7100,697,שני אליהו
7100,730,האומן
7100,741,האופה
7100,742,האורג
7100,744,המתכנן
7100,745,הנפח
7100,746,העמל
7100,806,"מח""ל"
7100,810,הכישור
7100,812,האופן
7100,817,טרומפלדור
7100,818,שד מונטיפיורי
7100,827,בת גלים
7100,830,סלע חיים
7100,831,דורות משה
7100,861,שד קדש
7100,868,שאר ישוב
7100,893,הציונות
7100,912,מרידור יעקב
7100,931,הגליל
7100,940,הריף
7100,987,אדמונד דה רוטשילד
7100,1012,אייר
7100,1016,ניסן
7100,1017,סיון
7100,1018,אקסודוס
7100,1020,טבריה
7100,1023,לכיש
7100,1026,עמיעד
7100,1030,קיסריה
7100,1035,בגין מנחם
7100,1048,תמוז
7100,1050,איילה
7100,1052,לביאה
7100,1060,יהדות בריטניה
7100,1061,ציפורי
7100,1070,הגבורה
7100,1115,שד רבין יצחק
7100,1121,בית אל
7100,6011,ככר צפניה
7200,101,מרגולין
7200,103,ויצמן
7200,109,הבנים
7200,110,"צה""ל"
7200,111,גולומב
7200,112,"רמב""ם"
7200,115,נורדאו
7200,117,גאולה
7200,121,"פלמ""ח"
7200,132,כצנלסון
7200,133,ההדרים
7200,134,בן גוריון
7200,155,שד אפרים
7200,184,קשת
7200,194,אבנר בן נר
7200,201,רוטשילד
7200,206,הרצל
7200,207,תל אביב
7200,210,המנין הראשון
7200,212,דרך רבין יצחק
7200,214,"ביל""ו"
7200,222,הורד
7200,227,האירוסים
7200,229,עמק השושנים
7200,235,המאה ואחד
7200,240,שד המעפילים
7200,301,ראובן
7200,304,"התרמ""ג"
7200,309,החרש
7200,317,הפטיש
7200,365,בגין מנחם
7200,395,לרר משה
7200,445,האלופים
7200,446,הנבחרות
7200,6509,ש יד אליעזר
7300,118,רח 6000
7300,320,רח 301
7300,366,רח 5004
7300,391,רח 5050
7300,417,רח 1000
7300,419,רח 1100
7300,422,רח 5104
7300,429,רח 1006
7300,434,רח 5070
7300,504,רח 3047
7300,513,רח 6021
7300,521,רח 4011
7300,530,המוסכים
7300,591,רח 6049
7300,735,רח 5097
7300,765,רח 3033
7300,839,רח 3021
7300,846,רח 3001
7300,847,רח 3002
7300,848,רח 3003
7300,853,רח 3008
7300,869,רח 1047
7300,892,רח 7020
7300,940,רח 7003
7300,948,רח 7012
7300,1030,רח 5090
7300,1038,רח 2015
7300,1081,רח 1049
7300,1096,רח 1062
7300,6504,שכ מזרחית
7300,6518,ש נמסאווי
7400,112,דרך הירדן
7400,119,השופטים
7400,125,יהושע בן נון
7400,126,יואב
7400,128,ילין
7400,132,ניסנבוים
7400,134,פינס
7400,135,עמק חפר
7400,138,הרב ריינס
7400,139,רזיאל
7400,168,אלי כהן
7400,169,מינץ
7400,175,התנאים
7400,201,אנדריוס
7400,205,דברי חיים
7400,207,הגדוד העברי
7400,210,הויסמנס קמיל
7400,211,הזית
7400,219,השקד
7400,232,האניה ארינפורה
7400,234,"אח""י דקר"
7400,235,סוקולוב
7400,238,רבי עקיבא
7400,240,שלמה המלך
7400,242,"הרמ""א"
7400,243,נווה שלום
7400,244,איכילוב
7400,253,המלכים
7400,254,טהון יהושע
7400,303,בארי
7400,304,בורוכוב
7400,305,בילינסון
7400,306,בר אילן
7400,308,ברנר
7400,309,גבעת חיים
7400,310,גורדון
7400,311,גולומב
7400,313,החשמונאים
7400,314,זנגביל
7400,315,טרומפלדור
7400,316,יהודה הנשיא
7400,319,עציון
7400,327,שמואל הנציב
7400,328,שפירא משה
7400,329,שרת
7400,344,מלחמת ששת הימים
7400,350,חיטמן עוזי
7400,351,ברמן בני
7400,360,דודו דותן
7400,401,אוסישקין
7400,402,אחד העם
7400,404,ברקת ראובן
7400,405,דוד המלך
7400,406,דיזנגוף
7400,407,החלוצים
7400,410,המעפילים
7400,417,שד ויצמן
7400,418,הרצל
7400,419,שד ירושלים
7400,420,לילינבלום
7400,421,מאירוביץ
7400,425,פינסקר
7400,428,ראשון לציון
7400,429,רמז דוד
7400,430,שאול המלך
7400,432,שטמפפר
7400,441,ביאליק
7400,442,שד ניצה
7400,501,היהלומן אברהמס
7400,504,"שד בן אב""י"
7400,505,בן יהודה
7400,507,ברודצקי
7400,508,גבע
7400,510,הגליל
7400,512,ז'בוטינסקי
7400,514,הרב טביב
7400,515,טשרניחובסקי
7400,519,לבונטין
7400,521,סמילנסקי
7400,526,שבזי
7400,532,שד בנימין
7400,533,גרונר דב
7400,534,הלפרין ירמיהו
7400,541,הר ציון
7400,547,הרב ברוד
7400,561,האחוה
7400,567,צהלה
7400,603,אבן עזרא
7400,606,דון יוסף הנשיא
7400,607,"האר""י"
7400,608,"הגר""א"
7400,609,שד בן צבי
7400,612,הפורצים
7400,615,דרך הרכבת
7400,617,"חרל""פ"
7400,619,טיומקין
7400,622,"הל""ה"
7400,627,פתח תקוה
7400,628,בן שלום עובדיה
7400,634,הספורטאי
7400,649,שדרות אגם כנרת
7400,657,שומרון דן
7400,658,רפאל איתן
7400,661,שד האגמים
7400,701,אזור התעשיה
7400,702,פנקס דוד
7400,707,שכטרמן
7400,801,אהרונוביץ
7400,802,ארלוזורוב
7400,813,מיכאל
7400,815,ויתקין
7400,826,קבוץ גלויות
7400,831,שפרינצק
7400,836,הגוזל
7400,837,הפלדה
7400,838,הרכב
7400,840,אורט
7400,842,הקדר
7400,843,האורזים
7400,844,המסגר
7400,847,דרך דגניה
7400,849,הנשר
7400,864,הרב אונטרמן יהודה
7400,865,הרב הרטום שמואל
7400,871,רות המואביה
7400,922,נחום
7400,923,נחמיה
7400,930,שמואל
7400,931,יחזקאל
7400,933,הרב רפאל
7400,946,שלום עליכם
7400,949,רוטנברג
7400,958,גרינבוים
7400,959,מוצקין
7400,962,שמורק
7400,969,שניאור זלמן
7400,973,עגנון
7400,983,"שז""ר זלמן"
7400,993,לבון פנחס
7400,994,גור מרדכי
7400,995,ארן זלמן
7400,996,שד בן גוריון
7400,999,לוי אשכול
7400,1001,שד גולדה מאיר
7400,1008,"ד""ר פרח יהודה"
7400,1015,גבורי ישראל
7400,1016,האומנות
7400,1017,הבונים
7400,1018,המלאכה
7400,1019,היצירה
7400,1020,ארליך שמחה
7400,1022,התרופה
7400,1027,המחקר
7400,1029,מנלה גד
7400,1040,רגב אריה
7400,1078,שד עובד בן עמי
7400,1094,קהילת צפת
7400,1101,אירוס הארגמן
7400,1104,חבצלת החוף
7400,1130,בני בנימין
7400,1152,גוטמן נחום
7400,1228,אייר
7400,1236,איפרגן
7400,1243,הארז
7400,1250,נופר
7400,1260,שדרות לנטוס טום
7400,6585,רמת פולג
7500,6710,אלרויס
7600,105,פנקס
7600,121,משמר הים
7600,185,דושניצקי אריה
7600,202,גדיש יוסף
7600,205,דרך הארבעה
7600,215,"ביל""ו"
7600,221,רמז דוד
7600,223,הרב לופס
7600,236,פרופ ידין יגאל
7600,246,גרשון יוסף
7600,271,אגא יחזקאל
7600,304,בן שושן אברהם
7600,305,העליה
7600,309,אחד העם
7600,310,בבל
7600,319,ויתקין
7600,331,בורלא
7600,350,שד מנוף
7600,402,הרצוג
7600,403,הרצל
7600,409,קורצ'ק יאנוש
7600,414,חטיבת גולני
7600,431,שפירא משה חיים
7600,501,בן עמי
7600,502,לוחמי הגטאות
7600,503,יהושפט
7600,505,העצמאות
7600,507,ויצמן
7600,508,ז'בוטינסקי
7600,510,טרומפלדור
7600,515,גבורי סיני
7600,517,צורי משה
7600,522,בן יוסף שלמה
7600,601,עיר עתיקה 10
7700,108,הקוממיות
7700,112,ז'בוטינסקי
7700,187,החוחית
7700,196,שד קונטיקט
7700,201,הרצל
7700,222,גוש עציון
7700,226,ההגנה
7700,230,הנביאים
7700,232,שדה יצחק
7700,262,"הפלמ""ח"
7700,280,דרך גולני
7700,281,דוד אלעזר
7700,301,ההסתדרות
7700,306,הגן
7700,315,המגן
7700,319,שפרינצק
7700,320,קהלת ציון
7700,323,ירושלים
7700,324,חנקין יהושע
7700,327,קרן היסוד
7700,328,שד רבין יצחק
7700,331,ברזילאי יוסף
7700,333,שד ארלוזורוב
7700,338,הבנים
7700,341,הנשיא וייצמן
7700,342,הרב קירשטיין אשר
7700,343,העליה
7700,344,הכנסת
7700,355,הקונגרס הציוני
7700,366,וולפסון
7700,382,יוספטל גיורא
7700,385,כורש
7700,386,שרת
7700,387,משמר הירדן
7700,395,חטיבת כפיר
7700,423,המגל
7700,425,הסדן
7700,426,חרוד
7700,440,חבצלת
7700,621,השוק
7700,630,שד בגין מנחם
7700,6001,ככר העצמאות
7800,101,חרובים
7800,102,האורנים
7800,104,דרך הים
7800,105,הדקלים
7800,106,הנדיב
7800,107,הגפן
7800,113,דרך הבנים
7800,114,הגנה
7800,118,הנשיא
7800,125,"דרך פיק""א"
7800,129,חבצלת
7800,139,הדרים
7800,140,הצפירה
7800,149,עציון
7800,153,דרור
7800,155,המעלה
7800,165,הלבונה
7800,171,שקדים
7800,194,דרך משמרות
7800,206,הגאון
7800,210,מצדה
7800,220,חסידה
7800,221,חשמונאים
7800,228,זמיר
7800,235,גלבוע
7800,238,הרדוף
7800,248,כורש
7800,249,מלאכי
7800,250,גאולה
7800,251,חגלה
7800,257,המסילה
7800,263,תחיה
7800,266,דרך למרחב
7800,310,אתרוג
7800,502,אחוזה
7800,503,המייסדים
7800,504,דגניה
7800,506,המושב
7800,508,דרך קדמה
7800,539,נעורים
7800,557,נוגה
7800,560,ירושלים
7900,103,דרך ספיר יוסף
7900,107,שטמפפר יהושע
7900,108,המכבים
7900,110,חנקין יהושע
7900,111,אלכסנדר ינאי
7900,112,הירקונים
7900,115,ברנדייס
7900,118,פינסקר
7900,119,מבצע קדש
7900,120,חלוצת הפרדסנות
7900,124,אורלוב זאב
7900,127,בר כוכבא
7900,129,רוטשילד
7900,133,גל עד
7900,136,גיסין אבשלום
7900,144,גליס
7900,145,ברגמן צבי
7900,148,נחשון
7900,151,רבינזון יחזקאל
7900,153,רבניצקי
7900,156,שחם
7900,169,דיין משה
7900,178,זכרון יעקב
7900,179,חדרה
7900,180,המר זבולון
7900,184,מזכרת בתיה
7900,185,מטולה
7900,189,ראשון לציון
7900,194,פרופ' פלר נח
7900,195,שירת אסתר
7900,199,הרב פינטו מסעוד
7900,200,כביש חוצה שומרון
7900,202,תל חי
7900,207,סטרומה
7900,209,וינגיט
7900,210,גולדנהירש
7900,212,ברון הירש
7900,213,הרצל
7900,214,מונטיפיורי
7900,215,נורדאו מכס
7900,216,חובבי ציון
7900,220,ההגנה
7900,221,עוזר חיים
7900,224,איכילוב יצחק
7900,226,וולפסון דוד
7900,228,אהרונסון שרה
7900,229,חפץ חיים
7900,230,ההסתדרות
7900,231,הס משה
7900,235,"רמב""ם"
7900,236,נחלת צבי
7900,238,מרכוס משה
7900,249,בן חור
7900,252,רפאל איתן
7900,254,הרב חפוטא יאיר
7900,256,אביאל
7900,304,עין גנים
7900,306,א ד ג
7900,309,סוקולוב
7900,315,הרב טולידנו
7900,318,אחד העם
7900,323,הרב קטרוני
7900,324,אורלנסקי
7900,326,פינס יחיאל מיכל
7900,327,ביאליק
7900,331,"האר""י הקדוש"
7900,333,בעל שם טוב
7900,344,בן יוסף שלמה
7900,360,דרך יצחק רבין
7900,362,דגניה
7900,401,קבוץ גלויות
7900,404,האילנות
7900,424,ירושלים
7900,426,צ'לנוב יחיאל
7900,437,"הנח""ל"
7900,448,הרב הרצוג
7900,449,"הגר""א"
7900,454,ועד ארבע ארצות
7900,460,הותיקים
7900,485,גרין יונה
7900,501,צלח שלום
7900,504,עזרא ונחמיה
7900,508,הרב אלקלעי
7900,509,עדש שפיק
7900,511,חזן יעקב
7900,512,מנחת שלמה
7900,515,רוזובסקי יוסף
7900,547,שבט לוי
7900,548,שבט יששכר
7900,555,דרך בגין מנחם
7900,601,נחמן מברסלב
7900,603,הנביאים
7900,622,בן דוד יצחק
7900,623,הזוהר
7900,624,הרב קלישר
7900,625,קיש
7900,626,דובדבני משה
7900,628,סולד הנריטה
7900,630,רזיאל דוד
7900,631,השופטים
7900,634,החמישה
7900,641,ישעיהו ישראל
7900,645,מחנה יהודה
7900,647,פרידמן אלעזר
7900,709,יצחקי יצחק
7900,714,שמחוני אסף
7900,715,סלנט שמואל
7900,728,מינץ בנימין
7900,730,שפרינצק
7900,731,הרב צעירי שלמה
7900,743,זרובבל יעקב
7900,793,שוהם
7900,802,קרן קימת לישראל
7900,806,כץ מיכל לייב
7900,809,בן יהודה
7900,810,בלפור
7900,813,כהן חיים
7900,817,סלומון
7900,819,פרנקפורטר דוד
7900,820,הרב קוק
7900,821,התשעים ושלש
7900,826,אנה פרנק
7900,829,"פיק""א"
7900,830,מכנס גד
7900,833,סנה משה
7900,846,הרב ניימן יעקב
7900,901,"ביל""ו"
7900,904,רופין
7900,905,ז'בוטינסקי
7900,909,קרול יעקב
7900,911,שדה יצחק
7900,913,כצנלסון ברל
7900,916,ארלוזורוב
7900,917,הוז דב
7900,920,טרומפלדור
7900,921,"הפלמ""ח"
7900,927,"צה""ל"
7900,928,קפלן אליעזר
7900,955,יפרח
7900,957,דנמרק
7900,960,שרת משה
7900,983,גבעת השלושה מלבן
7900,986,הלסינקי
7900,1001,זולא אמיל
7900,1003,עמל
7900,1004,היצירה
7900,1005,אפעל
7900,1006,בזל
7900,1008,שמשון
7900,1011,אסירי ציון
7900,1013,גרינשפן
7900,1014,דנקנר מאיר
7900,1016,המרץ
7900,1018,המפלסים
7900,1023,יגיע כפיים
7900,1025,ברט אהרון
7900,1027,הרב מלכה משה
7900,1028,מוטה גור
7900,1030,הפסגות
7900,1031,התנופה
7900,1035,דרך אם המושבות
7900,1036,דרך החיים
7900,1039,לויתן חנן
7900,1107,שנקר אריה
7900,1109,הסיבים
7900,1129,זייד אלכסנדר
7900,1158,המגשימים
7900,1162,מבטחים
7900,1174,דרנגר טובה ושמעון
7900,1179,אורן אבי
7900,1203,הנשיאים
7900,1205,העצמאות
7900,1208,הלוי
7900,1214,אנסקי
7900,1219,"י""ד הבנים"
7900,1223,חגין פנחס
7900,1229,דגל ראובן
7900,1233,הצנחנים
7900,1248,בן גוריון
7900,1251,מסקין
7900,1285,נקר יוסף
7900,1297,ליפשיץ דניאל
7900,1306,גפני שמחה
7900,6537,שכ גן שלמה
7900,6630,קרית אלון
8000,211,ירושלים
8000,212,"הפלמ""ח"
8000,368,"צה""ל"
8000,411,האחד עשר
8000,420,שפרינצק
8000,423,ויצמן
8000,429,אלעזר דוד
8000,461,נופך
8000,500,בגין מנחם
8000,550,מצפה האגם
8000,602,התבור
8200,103,שד קרן קימת
8200,104,שד גושן משה
8200,114,אהרון
8200,116,אוסישקין
8200,117,ברק
8200,118,"רנ""ס"
8200,121,"אח""י אילת"
8200,123,יששכר
8200,124,דקר
8200,133,שד ויצמן
8200,137,מורדי הגטאות
8200,143,החשמונאים
8200,145,ז'בוטינסקי
8200,152,ורד
8200,192,אלון יגאל
8200,199,קדיש לוז
8200,200,שד בן גוריון
8200,210,פז
8200,215,בגין מנחם
8200,216,"צה""ל"
8200,224,ירושלים
8300,104,שניאור זלמן
8300,112,לוי אשכול
8300,114,צייטלין
8300,116,שאול המלך
8300,119,משורר השואה
8300,120,שד התקומה
8300,121,הרב נורוק
8300,128,סילבר
8300,133,הרב גרופי שלום
8300,134,לישנסקי יוסף
8300,136,אבו חצירה
8300,144,גלילי ישראל
8300,149,היין
8300,167,מוטה גור
8300,175,שד מרילנד
8300,180,ההסתדרות
8300,182,היקב
8300,194,בר-לב חיים
8300,195,שד יצחק רבין
8300,201,ז'בוטינסקי
8300,207,ארלוזורוב
8300,209,כצנלסון
8300,220,הקישון
8300,221,הפורצים
8300,223,הוז דב
8300,233,רמז
8300,237,הרימון
8300,247,עולי הגרדום
8300,253,השחר
8300,259,התקוה
8300,263,פרופ' נחום
8300,266,שדה יצחק
8300,271,"שדרת תש""ח"
8300,277,קרית ספר
8300,288,שד מנחם בגין
8300,300,שד בן גוריון
8300,301,רוטשילד
8300,304,אחד העם
8300,305,הכרמל
8300,306,סמ בצלאל
8300,307,הרצל
8300,311,ביאליק
8300,312,עין הקורא
8300,315,"תרמ""ב"
8300,319,תל חי
8300,321,שמריהו לוין
8300,326,אוסישקין
8300,327,ויצמן
8300,328,גיסין
8300,329,הלפרין
8300,330,קרן קימת
8300,331,קרן היסוד
8300,338,מוהליבר
8300,340,דרור
8300,344,יהודה הלוי
8300,345,יהודה לייב
8300,346,"צ""ג בנות"
8300,347,פרנק צבי
8300,348,יהודה
8300,364,אברבנאל
8300,379,מרגולין
8300,380,הכובש
8300,382,חזון איש
8300,387,אלרואי
8300,389,גבעתי
8300,390,גרינבוים
8300,401,גינדי מנחם
8300,406,בורג יוסף
8300,410,פרימן יעקב
8300,421,ראובן ובת שבע
8300,424,דוידזון
8300,434,פלוטיצקי
8300,435,שמוטקין בנימין
8300,437,טוליפמן
8300,447,סחרוב דוד
8300,449,בקר
8300,452,ברשבסקי
8300,497,הרב חיים דוד הלוי
8300,503,שד יעקב
8300,512,השומר
8300,518,מורדי הגטאות
8300,523,שרף חיים
8300,524,לוין מיכאל וחנה
8300,525,שרירא שמואל
8300,528,אלון יגאל
8300,540,שד נים
8300,543,קלמן
8300,550,דרך חיים הרצוג
8300,566,האקליפטוס
8300,577,התור
8300,591,גרינשפן הרשל
8300,600,הכרכום
8300,607,השזיף
8300,608,האורן
8300,611,נחמיה
8300,623,"הפלמ""ח"
8300,624,יחזקאל הנביא
8300,625,חגי הנביא
8300,630,ברק
8300,632,שמגר בן ענת
8300,654,דניאל הנביא
8300,656,עובדיה
8300,659,ברנשטיין
8300,660,גיבשטיין יהושע
8300,661,ראם
8300,667,הולצברג שמחה
8300,671,רבי יהודה הנשיא
8300,672,"המהר""ל מפראג"
8300,700,אבי האסירים
8300,704,קרון אהרון
8300,712,ירושלים
8300,722,יודילוביץ'
8300,725,נורדאו
8300,728,סוקולוב
8300,736,אהרונסון שרה
8300,743,טיומקין
8300,804,רוטנברג
8300,856,חומה ומגדל
8300,860,גינוסר
8300,894,רזיאל דוד
8300,902,השר שפירא משה
8300,904,ספיר יוסף
8300,906,"שז""ר זלמן"
8300,907,"אצ""ל"
8300,908,ההגנה
8300,912,חיל התותחנים
8300,924,ארגמן
8300,925,שד דיין משה
8300,933,הכשרת הישוב
8300,940,חיל המודיעין
8300,959,בסקינד נדב
8300,960,רוז'נסקי מרדכי
8300,961,לוי משה
8300,963,בר אברהם
8300,966,ילדי טהרן
8300,969,שייקה דן
8300,970,שד רחבעם )זאבי(
8300,971,פרופ' חבוט
8300,979,"אח""י מזנק"
8300,1010,הנחשול
8300,1047,מבצע משה
8300,1057,ה' באייר
8300,1139,קשת
8300,1150,החלוצים
8300,1190,נווה דקלים
8300,1200,התזמורת
8300,1201,החצוצרה
8300,1206,המפוחית
8300,1250,גדולי ישראל
8300,1251,תור הזהב
8300,1271,"הרשב""א"
8300,1272,הנגיד
8300,1276,הרב אונטרמן
8300,1286,מוסינזון יגאל
8300,1328,בשביס זינגר יצחק
8300,1353,קאסין רנה
8300,1366,פרס שמעון
8300,5101,דרך המכבים
8300,5115,הבנים
8300,5118,פינסקר - נח יהודה
8300,5139,שד היובל
8300,5145,שד הציונות
8300,6001,ככר המיסדים
8300,6576,ש רכבת
8400,101,המדע
8400,104,אופנהיימר
8400,106,ברגמן
8400,113,הורוביץ צבי
8400,115,מעונות שיין
8400,116,שדרת הקבוצים
8400,130,יוספזון
8400,202,יצירה
8400,210,יתום משה
8400,212,שחר ישראל
8400,213,טוכמן יעקב
8400,217,סטולבוב
8400,219,גבריאלוב
8400,222,מרבד הקסמים
8400,223,בן גוריון
8400,225,דוד אלעזר
8400,226,דרך גד
8400,234,קינד מוטי
8400,255,האלוף פרי
8400,260,דרך הים
8400,268,הר כנען
8400,274,הרי אדום
8400,285,בשיסט מרדכי
8400,303,בארי
8400,304,דרך יבנה
8400,305,"קק""ל"
8400,308,המעפיל
8400,315,"ז""ס"
8400,330,פוגל בן ציון
8400,347,דובנבוים גרשון
8400,351,רוז'נסקי
8400,359,ארליך צבי
8400,361,כוכבי דוד
8400,363,רמז
8400,375,ששת הימים
8400,376,"דרך אצ""ל"
8400,403,הרצל
8400,406,ש בן ציון
8400,410,לוין אפשטין
8400,411,פינס
8400,414,בית הפועלים
8400,416,"ביל""ו"
8400,417,"חרל""פ"
8400,418,סמילנסקי
8400,425,וילקומיץ שמחה
8400,433,גדוד 52
8400,434,הרשנזון
8400,435,טשרניחובסקי
8400,437,מקוב בתיה
8400,438,נגבה
8400,442,בנימין
8400,447,נורדאו
8400,448,עזרא
8400,449,מנוחה ונחלה
8400,451,יעקב
8400,453,אחד העם
8400,454,ויצמן
8400,461,גורדון
8400,462,סיקו מאיר
8400,463,הנשיא הראשון
8400,468,בן יהודה
8400,469,גור יהודה
8400,481,גורודיסקי
8400,483,אחים קיבוביץ
8400,484,הרב בר שאול
8400,485,לבקוביץ
8400,488,"לח""י"
8400,503,הרב מלצר
8400,504,השומרים
8400,505,סירני
8400,507,"חי""ש"
8400,508,"פלמ""ח"
8400,511,ההגנה
8400,521,הרב הרצוג
8400,533,"חס""מ"
8400,543,מבצע ליטני
8400,585,שד בגין מנחם
8400,590,בן ארי שרגא
8400,591,בר-לב חיים
8400,592,מוטה גור
8400,593,דרך ירושלים
8400,609,החבורה
8400,615,הגליל
8400,625,"רמב""ם"
8400,626,"זק""ש אפרים"
8400,627,אבן עזרא
8400,628,מזרחי דוד
8400,629,יהודה הלוי
8400,630,ישעיהו
8400,648,פינשטיין
8400,651,קנטרוביץ
8400,683,בן דוד פנחס
8400,692,יעקובי יצחק
8400,710,הרב דוד ישראל
8400,714,ארלוזורוב
8400,720,סעדיה גאון
8400,724,אברבנאל
8400,730,שבזי
8400,737,יאיר
8400,738,מזרחי משה
8400,740,סמ חנה
8400,741,כובשי החרמון
8400,749,הרב מדר זכריה
8400,761,לוי אשכול
8400,767,סנה משה
8400,811,אייזנר זאב
8400,6505,גני שילר
8400,6507,פארק המדע
8400,6554,מע קרית משה
8400,6567,קרית משה
8500,112,היצירה
8500,113,העבודה
8500,202,תל חי
8500,217,סנש חנה
8500,218,הגדוד העברי
8500,225,טרומפלדור
8500,226,מרכוס
8500,227,אינשטיין
8500,233,השומר
8500,240,ההגנה
8500,250,הרב אפריאט
8500,252,אבא אחימאיר
8500,253,הרב לוין אריה
8500,254,תמיר שמואל
8500,262,לוחמי ביתר
8500,270,קורצ'אק
8500,301,שד הרצל
8500,303,חיטמן עוזי
8500,305,הפועל
8500,311,שפרינצק
8500,312,בן יוסף אהרון
8500,328,שמחוני
8500,329,העליה השניה
8500,331,אגוזי
8500,341,מרזוק
8500,342,בורוכוב
8500,364,יוספטל גיורא
8500,413,וילנה
8500,415,"צה""ל"
8500,417,בן צבי יצחק
8500,426,קרן היסוד
8500,432,ההסתדרות
8500,436,לוי אליהו סלם
8500,437,בן גוריון
8500,441,רזיאל דוד
8500,443,השלום
8500,460,היובלים
8500,501,שמשון הגבור
8500,502,ביאליק
8500,503,הרב הרצוג
8500,521,מלאכי
8500,523,יחזקאל
8500,527,מסדה
8500,545,מרים הנביאה
8500,702,מנחם דניאל
8500,724,קלוזנר
8500,737,שושנה דמארי
8600,105,רחובות הנהר
8600,108,דרך אבא הלל
8600,109,אסף
8600,124,סמדר
8600,141,איתמר
8600,142,רייק חביבה
8600,146,מבצע קדש
8600,148,קניון אילון
8600,205,ז'בוטינסקי
8600,208,"רש""י"
8600,301,התקוה
8600,307,רוקח
8600,308,פני הגבעה
8600,309,הרמון
8600,311,תלפיות
8600,314,מקדונלד
8600,315,בנימין
8600,316,ויינשל אליעזר
8600,401,דב
8600,404,תובל
8600,408,גלעד
8600,409,החילזון
8600,416,דרך בגין מנחם
8600,417,שוהם
8600,502,"תרע""ד"
8600,503,הראשונים
8600,506,שפירא
8600,508,המתמיד
8600,514,המכבי
8600,518,היצירה
8600,521,"תרפ""ב"
8600,522,"תע""ש"
8600,601,ארלוזורוב
8600,617,החשמונאים
8600,701,ביאליק
8600,706,שד הילד
8600,707,"ד""ר כהן"
8600,716,צומת לבבי
8600,719,קריניצי
8600,720,מבוא אריה
8600,722,נחלת יוסף
8600,802,הרצל
8600,803,נתן
8600,806,שרת משה
8600,809,אלימלך
8600,822,זיסמן שלום
8600,903,דרך בן גוריון דוד
8600,907,סמ התלמיד
8600,1002,חיבת ציון
8600,1011,"הרא""ה"
8600,1020,היתד
8600,1103,סנהדרין
8600,1104,כובשי עזה
8600,1106,האגדה
8600,1108,אלוף הנצחון
8600,1115,אמנון ותמר
8600,1117,דרך נגבה
8600,1122,חזון איש
8600,1123,התנאים
8600,1125,באדר יוחנן
8600,1202,שד ירושלים
8600,1203,לוחמי סיני
8600,1208,גורי יהודה
8600,1210,ידידיה
8600,1212,עציון
8600,1222,קוממיות
8600,1305,הרכסים
8600,1312,אלישיב
8600,1316,אלרואי
8600,1401,עוזיאל
8600,1402,כנפי נשרים
8600,1423,דרך יצחק רבין
8600,1502,פנחס
8600,1505,בן אליעזר אריה
8600,1512,תל חי
8600,1514,חד נס
8600,1520,"החי""ל"
8600,1526,דבורה הנביאה
8600,1527,שלומציון
8600,1530,לנדאו חיים
8600,1541,היד החזקה
8600,1550,דיין משה
8600,1604,הירדן
8600,1606,תפארת ישראל
8600,1612,ההגנה
8600,1613,"אצ""ל"
8600,1623,עליה שלישית
8600,1627,אהרונסון שרה
8600,1631,הבילויים
8600,1639,דרך אשכול
8600,1643,מקס ואנה ווב
8600,1649,ראש פנה
8600,1701,שד בן צבי
8600,1709,עזריאל
8600,1713,בניהו
8600,1726,ברנשטיין פרץ
8600,1731,קציר
8600,1732,מנדס
8600,1738,עמק האלה
8600,1742,דרך שיבא
8600,1801,אלוף דוד
8600,1803,עודד
8600,1805,סן מרטין
8600,1806,רזיאל
8600,1838,אלוף שדה
8600,3137,"האשל ר""א"
8600,3308,"בן גוריון אז""ר"
8600,6002,ככר הרב פרדס
8600,6003,"ככר רמב""ם"
8600,6541,נוה יהושע
8600,6585,תל השומר
8600,6590,מתחם קניון איילון
8700,103,אחוזה
8700,107,מגדל
8700,112,ההסתדרות
8700,114,בר אילן
8700,123,הוז דב
8700,139,בורוכוב
8700,140,חנקין
8700,141,יפה אליעזר
8700,143,הגליל
8700,144,עקיבא
8700,147,רבוצקי
8700,154,אלעזר דוד
8700,161,החשמונאים
8700,164,אלקלעי
8700,178,השחר
8700,184,ירושלים
8700,204,ויצמן
8700,207,ארלוזורוב
8700,208,פרדס משותף
8700,209,ברנר
8700,210,"רמב""ם"
8700,214,ברנדיס
8700,216,השרון
8700,225,קזן
8700,226,הרצוג
8700,238,המחתרות
8700,242,ציפמן
8700,250,"ביל""ו"
8700,252,בן גוריון
8700,254,מנדלי
8700,272,גרץ
8700,293,האלה
8700,298,הכלנית
8700,304,החרושת
8700,310,קרן היסוד
8700,314,גולומב
8700,316,הטייסים
8700,320,הנגב
8700,350,מאפו
8700,352,כנרת
8700,358,דולב
8700,359,דפנה
8700,360,המלאכה
8700,362,התעשיה
8700,363,הסדנא
8700,364,זרחין אלכסנדר
8700,367,התדהר
8700,368,הנופר
8700,371,הולצברג שמחה
8700,375,הנשיאים
8700,386,"החי""ל"
8700,425,דיין משה
8700,457,הנשר
8700,459,הסייפן
8700,465,דרך הפארק
8700,466,גובר רבקה
8700,522,המלכים
8700,550,הפנינה
9000,101,שד בן גוריון
9000,102,דרך חברון
9000,113,תוצרת הארץ
9000,153,הרב טייב חי
9000,202,אברהם אבינו
9000,225,יוספטל גיורא
9000,232,הרב סוסו יוסף
9000,244,סנהדרין
9000,251,הכנסת
9000,254,רבי עקיבא
9000,258,רינגלבלום
9000,263,יהודה הלוי
9000,271,התלמוד
9000,275,"רש""י"
9000,277,דרך מצדה
9000,279,בעלי התוספות
9000,281,הצדיק מירושלים
9000,284,מבצע עובדה
9000,285,מבצע יואב
9000,304,העליה
9000,311,שד יעלים
9000,331,הצבי
9000,344,עגנון
9000,346,בית אל
9000,347,אברבנאל
9000,348,אלפסי
9000,353,שאול המלך
9000,359,דרך ג'ו אלון
9000,360,שד ירושלים
9000,366,שד טוביהו דוד
9000,369,אש שלום
9000,372,דוד אלעזר
9000,373,"אצ""ל"
9000,374,דורי יעקב
9000,377,מקלף מרדכי
9000,404,ביאליק
9000,412,טשרניחובסקי
9000,413,מנדלסון
9000,419,שמעוני
9000,460,שיטרית
9000,472,שד גולדה מאיר
9000,475,אבנר
9000,484,עין גדי
9000,495,שומרון
9000,498,ששת הימים
9000,501,ארלוזורוב
9000,504,גולומב
9000,508,השלום
9000,509,וינגייט
9000,522,חנני חיים
9000,533,נורדאו מקס
9000,556,אולשן יצחק
9000,565,ברדיצ'בסקי
9000,572,דיין משה
9000,581,זמורה משה
9000,603,הגאולים
9000,608,יד ושם
9000,612,קרן היסוד
9000,615,הכשרת הישוב
9000,616,אלון יגאל
9000,701,"שז""ר זלמן"
9000,702,דרך אילת
9000,804,בזל
9000,810,דרך המשחררים
9000,811,שד רגר יצחק
9000,814,ויצמן
9000,818,מונטיפיורי
9000,820,סוקולוב
9000,824,שפירא
9000,826,הרצפלד אברהם
9000,827,לוין שמריהו
9000,828,התקוה
9000,834,בן צבי יצחק
9000,835,הנגרים
9000,837,סולד הנריאטה
9000,838,וולפסון דוד
9000,841,גרשפלד
9000,843,יהודה הנחתום
9000,844,יוסי הבורסקאי
9000,845,פנחס החוצב
9000,847,יצחק נפחא
9000,849,מוריה
9000,857,הפלדה
9000,860,הפועלים
9000,870,חנקין
9000,871,אפיקים בנגב
9000,879,סלמה
9000,887,הגנן
9000,893,מלל סעדיה
9000,896,כהן ליאונרד
9000,900,"אצ""ג"
9000,904,אפרים
9000,906,בית אשל
9000,911,גרשון
9000,916,הגר
9000,917,הדסה
9000,918,ההגנה
9000,919,ההסתדרות
9000,921,החלוץ
9000,923,"הפלמ""ח"
9000,925,הרצל
9000,926,השבטים
9000,933,טרומפלדור
9000,947,נגבה
9000,950,סמילנסקי
9000,953,העצמאות
9000,956,קרן קיימת לישראל
9000,957,ראובן
9000,964,"רמב""ם"
9000,965,שדה יצחק
9000,966,שלשת בני עין חרוד
9000,969,שמחוני אסף
9000,971,כפר הדרום
9000,983,השווקים
9000,988,אימבר
9000,994,תבורי חיים
9000,995,שדרת חיל הנדסה
9000,1001,אטד
9000,1005,חבצלת הנגב
9000,1009,פקועה
9000,1011,צבר
9000,1012,רותם
9000,1013,שטה
9000,1045,ברש אשר
9000,1063,חטיבה שמונה
9000,1066,יוהנה ז'בוטינסקי
9000,1067,ייבין יהושע
9000,1070,מאפו אברהם
9000,1076,סקולסקי שלמה
9000,1082,פיכמן יעקב
9000,1083,מקור חיים
9000,1085,פרישמן דוד
9000,1089,רוזנבלום הרצל
9000,1091,רונאל דב
9000,1096,שמאלי אליעזר
9000,1101,ציזלינג
9000,1108,דולצ'ין אריה
9000,1116,אבשלום
9000,1117,אגוז
9000,1120,"אחימאיר אב""א"
9000,1143,דקר
9000,1150,התיבונים
9000,1154,זנגויל ישראל
9000,1162,לאה
9000,1163,לוזון אפרים
9000,1182,פנינה
9000,1189,הרב קפאח
9000,1190,רבקה
9000,1200,הדעת
9000,1220,דרך אביטל אביגדור
9000,1226,רקח יואל
9000,1240,המדע
9000,1267,שד האנדרטה
9000,1270,"שד בנ""צ כרמל"
9000,1288,אורי צבי
9000,1296,המרד
9000,1352,השופטים
9000,1356,שדרת הערים התאומו
9000,1360,נרקיס עוזי
9000,1367,הנגבי
9000,1369,שד' חכם דוד
9000,1380,מזר בנימין
9000,1381,אבן-שושן אברהם
9000,1389,דרך אילן רמון
9000,1402,מוטה גור
9000,1410,שד רוטשילד
9000,1422,ירדן
9000,6607,קרית יהודית
9100,107,ההגנה
9100,110,ביאליק
9100,129,הגדוד העברי
9100,140,שדה יצחק
9100,143,דוד בן גאון
9100,212,הזיתים
9100,214,קבוץ גלויות
9100,216,נחלת אשר
9100,223,גדוד 21
9100,224,דרך העצמאות
9100,228,שד בן צבי
9100,232,וייסבורג
9100,304,נחמיה
9100,313,שריר אפרים
9100,320,סוסקין
9100,321,שד אשכול
9100,328,איסי לה מולינו
9100,404,הרצל
9100,408,סולד
9100,411,ויצמן
9100,412,שד הגעתון
9100,414,בלפור
9100,416,ז'בוטינסקי
9100,417,המיסדים
9100,418,שטינמץ מקס
9100,421,העליה
9100,426,וולפסון
9100,433,האלון
9100,447,עגנון
9100,458,"שדרת שז""ר"
9100,500,נופר
9100,520,חרצית
9100,521,הסיפן
9100,523,סחלב
9200,101,שד מנחם בגין
9200,105,שאול המלך
9200,112,ירושלים הבירה
9200,121,השחם
9200,125,הרב לסרי
9200,147,מכלוף יעקב
9200,155,"הרמב""ם"
9200,157,הרב קוק
9200,181,שדרות הארבעה
9200,194,הסדנא
9200,204,"שז""ר זלמן"
9200,205,זית
9200,6508,שכ גורדון
9300,121,המיסדים
9300,132,ז'בוטינסקי
9300,148,התירוש
9300,160,חזון איש
9300,190,הכובשים
9300,195,הדגן
9300,209,החלוצים
9300,225,שד יצחק רבין
9300,283,צופית
9300,284,חוחית
9300,6510,שכ מול היקב
9400,101,ויצמן
9400,103,מוהליבר
9400,112,רמז
9400,126,דרך העצמאות
9400,132,קדושי מצרים
9400,135,חתוכה סעדיה
9400,140,יצחק שדה
9400,143,מרבד הקסמים
9400,186,דרך דיין משה
9400,187,שד בגין
9400,210,אלטלף אברהם
9500,101,התל
9500,114,העצמאות
9500,115,קרן היסוד
9500,120,"הפלמ""ח"
9500,124,דן
9500,127,שד בן גוריון
9500,128,דפנה
9500,133,אפרים
9500,145,שד ירושלים
9500,147,קרן קיימת לישראל
9500,149,שד ויצמן
9500,156,העמקים
9500,160,ההגנה
9500,180,יוספטל גיורא
9500,181,ז'בוטינסקי
9500,187,עצמון
9500,205,השקדים
9500,207,התאנים
9500,216,המסגר
9500,221,מולר הנס
9500,224,"אצ""ל"
9500,233,שד המייסדים
9500,238,"ניל""י"
9500,245,שד יצחק רבין
9600,112,סוקולוב
9600,118,שד ויצמן
9600,125,סטרומה
9600,139,"צה""ל"
9600,159,פרץ
9600,161,שד ירושלים
9600,164,ז'בוטינסקי
9600,169,נמיר מרדכי
9600,176,ספיר פנחס
9600,179,סולד רוברט
9600,183,שד בן צבי
9600,184,שרת משה
9600,185,בר יהודה
9600,202,הגליל
9600,232,גלעד
9600,237,אילנית
9600,243,גולדה מאיר
9600,284,אירוס
9600,290,אביר יעקב
9600,6511,סביוני ים
9700,101,דרך רמתים
9700,108,עין חי
9700,110,בן גוריון
9700,111,הבנים
9700,114,השקמים
9700,128,האירוס
9700,144,התכלת
9700,149,הפרדס
9700,185,שרת משה
9700,191,אפק
9700,194,הציונות
9700,199,ז'בוטינסקי
9700,200,החרש
9700,238,דרך הים
9700,240,המכונאי
9700,301,דרך מגדיאל
9700,302,ששת הימים
9700,303,אחוה
9700,305,קבוץ גלויות
9700,308,חנקין
9700,311,סוקולוב
9700,313,שמיר
9700,316,קורצ'אק יאנוש
9700,317,אהבה
9700,333,הגולן
9700,344,אסירי ציון
9700,346,המגן
9700,347,נטעים
9700,350,הפרחים
9700,355,התחיה
9700,360,הדרים
9700,377,עלית הנוער
9700,386,החומש
9700,390,שנת היובל
9700,401,הנגר
9700,444,צלמון
9700,486,מאיר גולדה
9700,495,מזל טלה
9700,9000,הוד השרון
9800,103,הטחנה
9800,107,נחלת ז'בוטינסקי
9800,122,הכרמל
9800,137,הזית
9800,147,האיכר
9800,151,דרך המסילה
9800,153,ששת הימים
9800,155,"דרך ניל""י"
9800,194,הארז
9800,3107,"ח""י ג""ע"
9800,3121,"הקמה ג""ע"
9800,3123,"החיטה ג""ע"
